,boardroomId,date,endtime,starttime
0,6,2019-2-7,17:00,18:00
1,2,2019-2-7,18:00,19:00
2,6,2019-2-7,15:00,16:00
3,2,2019-2-7,17:00,18:00
4,4,2019-2-7,14:00,15:00
5,9,2019-2-7,16:00,17:00
6,5,2019-2-7,11:00,12:00
7,4,2019-2-7,16:00,17:00
8,3,2019-2-7,17:00,18:00
9,8,2019-2-7,15:00,16:00
10,6,2019-2-7,14:00,15:00
11,8,2019-2-7,10:00,11:00
12,2,2019-2-7,17:00,18:00
13,1,2019-2-7,17:00,18:00
14,7,2019-2-7,17:00,18:00
15,4,2019-2-7,11:00,12:00
16,6,2019-2-7,13:00,14:00
17,4,2019-2-7,15:00,16:00
18,8,2019-2-7,16:00,17:00
19,9,2019-2-7,17:00,18:00
20,3,2019-2-7,14:00,15:00
21,1,2019-2-7,10:00,11:00
22,5,2019-2-7,14:00,15:00
23,1,2019-2-7,15:00,16:00
24,8,2019-2-7,17:00,18:00
25,4,2019-2-7,13:00,14:00
26,7,2019-2-7,16:00,17:00
27,1,2019-2-7,17:00,18:00
28,3,2019-2-7,11:00,12:00
29,5,2019-2-7,8:00,9:00
30,9,2019-2-7,10:00,11:00
31,6,2019-2-7,18:00,19:00
32,2,2019-2-7,16:00,17:00
33,1,2019-2-7,17:00,18:00
34,7,2019-2-7,9:00,10:00
35,1,2019-2-7,13:00,14:00
36,5,2019-2-7,15:00,16:00
37,9,2019-2-7,19:00,20:00
38,8,2019-2-7,16:00,17:00
39,9,2019-2-7,16:00,17:00
40,1,2019-2-7,17:00,18:00
41,4,2019-2-7,10:00,11:00
42,5,2019-2-7,10:00,11:00
43,3,2019-2-7,10:00,11:00
44,7,2019-2-7,15:00,16:00
45,4,2019-2-7,11:00,12:00
46,7,2019-2-7,14:00,15:00
47,7,2019-2-7,14:00,15:00
48,1,2019-2-7,10:00,11:00
49,1,2019-2-7,17:00,18:00
50,9,2019-2-7,10:00,11:00
51,1,2019-2-7,11:00,12:00
52,4,2019-2-7,17:00,18:00
53,5,2019-2-7,15:00,16:00
54,2,2019-2-7,17:00,18:00
55,3,2019-2-7,15:00,16:00
56,3,2019-2-7,14:00,15:00
57,4,2019-2-7,14:00,15:00
58,7,2019-2-7,14:00,15:00
59,2,2019-2-7,16:00,17:00
60,5,2019-2-7,11:00,12:00
61,1,2019-2-7,11:00,12:00
62,4,2019-2-7,17:00,18:00
63,4,2019-2-7,15:00,16:00
64,6,2019-2-7,17:00,18:00
65,5,2019-2-7,14:00,15:00
66,2,2019-2-7,8:00,9:00
67,9,2019-2-7,14:00,15:00
68,6,2019-2-7,14:00,15:00
69,3,2019-2-7,8:00,9:00
70,2,2019-2-7,8:00,9:00
71,5,2019-2-7,14:00,15:00
72,8,2019-2-7,16:00,17:00
73,9,2019-2-7,14:00,15:00
74,7,2019-2-7,16:00,17:00
75,4,2019-2-7,13:00,14:00
76,9,2019-2-7,14:00,15:00
77,1,2019-2-7,10:00,11:00
78,3,2019-2-7,16:00,17:00
79,5,2019-2-7,13:00,14:00
80,3,2019-2-7,13:00,14:00
81,7,2019-2-7,15:00,16:00
82,4,2019-2-7,17:00,18:00
83,5,2019-2-7,11:00,12:00
84,5,2019-2-7,15:00,16:00
85,4,2019-2-7,16:00,17:00
86,2,2019-2-7,10:00,11:00
87,2,2019-2-7,9:00,10:00
88,1,2019-2-7,14:00,15:00
89,9,2019-2-7,15:00,16:00
90,5,2019-2-7,13:00,14:00
91,9,2019-2-7,10:00,11:00
92,1,2019-2-7,15:00,16:00
93,2,2019-2-7,18:00,19:00
94,8,2019-2-7,17:00,18:00
95,9,2019-2-7,14:00,15:00
96,2,2019-2-7,15:00,16:00
97,3,2019-2-7,16:00,17:00
98,5,2019-2-7,16:00,17:00
99,7,2019-2-7,14:00,15:00
100,2,2019-2-7,11:00,12:00
101,7,2019-2-7,10:00,11:00
102,2,2019-2-7,14:00,15:00
103,8,2019-2-7,17:00,18:00
104,2,2019-2-7,17:00,18:00
105,4,2019-2-7,11:00,12:00
106,8,2019-2-7,13:00,14:00
107,5,2019-2-7,16:00,17:00
108,8,2019-2-7,17:00,18:00
109,8,2019-2-7,15:00,16:00
110,7,2019-2-7,9:00,10:00
111,9,2019-2-7,11:00,12:00
112,5,2019-2-7,10:00,11:00
113,3,2019-2-7,15:00,16:00
114,5,2019-2-7,19:00,20:00
115,9,2019-2-7,17:00,18:00
116,4,2019-2-7,14:00,15:00
117,6,2019-2-7,10:00,11:00
118,6,2019-2-7,15:00,16:00
119,7,2019-2-7,17:00,18:00
120,3,2019-2-7,16:00,17:00
121,2,2019-2-7,16:00,17:00
122,8,2019-2-7,11:00,12:00
123,4,2019-2-7,9:00,10:00
124,2,2019-2-7,16:00,17:00
125,5,2019-2-7,16:00,17:00
126,3,2019-2-7,17:00,18:00
127,8,2019-2-7,11:00,12:00
128,9,2019-2-7,16:00,17:00
129,3,2019-2-7,11:00,12:00
130,2,2019-2-7,18:00,19:00
131,4,2019-2-7,14:00,15:00
132,1,2019-2-7,13:00,14:00
133,1,2019-2-7,15:00,16:00
134,2,2019-2-7,10:00,11:00
135,1,2019-2-7,10:00,11:00
136,7,2019-2-7,11:00,12:00
137,4,2019-2-7,15:00,16:00
138,2,2019-2-7,15:00,16:00
139,6,2019-2-7,14:00,15:00
140,7,2019-2-7,16:00,17:00
141,1,2019-2-7,18:00,19:00
142,1,2019-2-7,16:00,17:00
143,4,2019-2-7,10:00,11:00
144,3,2019-2-7,17:00,18:00
145,5,2019-2-7,10:00,11:00
146,3,2019-2-7,13:00,14:00
147,1,2019-2-7,17:00,18:00
148,9,2019-2-7,14:00,15:00
149,8,2019-2-7,8:00,9:00
150,6,2019-2-7,13:00,14:00
151,6,2019-2-7,15:00,16:00
152,3,2019-2-7,8:00,9:00
153,1,2019-2-7,17:00,18:00
154,4,2019-2-7,10:00,11:00
155,4,2019-2-7,15:00,16:00
156,9,2019-2-7,15:00,16:00
157,8,2019-2-7,11:00,12:00
158,3,2019-2-7,18:00,19:00
159,2,2019-2-7,16:00,17:00
160,8,2019-2-7,14:00,15:00
161,5,2019-2-7,19:00,20:00
162,6,2019-2-7,9:00,10:00
163,4,2019-2-7,13:00,14:00
164,5,2019-2-7,8:00,9:00
165,3,2019-2-7,15:00,16:00
166,4,2019-2-7,16:00,17:00
167,2,2019-2-7,9:00,10:00
168,1,2019-2-7,13:00,14:00
169,5,2019-2-7,16:00,17:00
170,8,2019-2-7,16:00,17:00
171,6,2019-2-7,17:00,18:00
172,4,2019-2-7,11:00,12:00
173,4,2019-2-7,14:00,15:00
174,7,2019-2-7,10:00,11:00
175,3,2019-2-7,11:00,12:00
176,2,2019-2-7,16:00,17:00
177,5,2019-2-7,14:00,15:00
178,2,2019-2-7,13:00,14:00
179,5,2019-2-7,15:00,16:00
180,2,2019-2-7,10:00,11:00
181,5,2019-2-7,14:00,15:00
182,1,2019-2-7,14:00,15:00
183,9,2019-2-7,15:00,16:00
184,1,2019-2-7,18:00,19:00
185,1,2019-2-7,12:00,13:00
186,6,2019-2-7,18:00,19:00
187,8,2019-2-7,17:00,18:00
188,5,2019-2-7,10:00,11:00
189,8,2019-2-7,14:00,15:00
190,6,2019-2-7,14:00,15:00
191,1,2019-2-7,9:00,10:00
192,3,2019-2-7,10:00,11:00
193,2,2019-2-7,9:00,10:00
194,6,2019-2-7,16:00,17:00
195,8,2019-2-7,15:00,16:00
196,7,2019-2-7,11:00,12:00
197,7,2019-2-7,17:00,18:00
198,1,2019-2-7,15:00,16:00
199,8,2019-2-7,11:00,12:00
200,9,2019-2-7,17:00,18:00
201,1,2019-2-7,10:00,11:00
202,5,2019-2-7,15:00,16:00
203,2,2019-2-7,17:00,18:00
204,2,2019-2-7,10:00,11:00
205,7,2019-2-7,16:00,17:00
206,7,2019-2-7,13:00,14:00
207,6,2019-2-7,14:00,15:00
208,4,2019-2-7,13:00,14:00
209,9,2019-2-7,16:00,17:00
210,7,2019-2-7,9:00,10:00
211,4,2019-2-7,13:00,14:00
212,2,2019-2-7,14:00,15:00
213,6,2019-2-7,10:00,11:00
214,8,2019-2-7,8:00,9:00
215,3,2019-2-7,16:00,17:00
216,1,2019-2-7,17:00,18:00
217,3,2019-2-7,17:00,18:00
218,8,2019-2-7,18:00,19:00
219,5,2019-2-7,14:00,15:00
220,1,2019-2-7,15:00,16:00
221,8,2019-2-7,10:00,11:00
222,5,2019-2-7,14:00,15:00
223,9,2019-2-7,17:00,18:00
224,3,2019-2-7,10:00,11:00
225,3,2019-2-7,11:00,12:00
226,2,2019-2-7,13:00,14:00
227,9,2019-2-7,12:00,13:00
228,1,2019-2-7,15:00,16:00
229,2,2019-2-7,17:00,18:00
230,2,2019-2-7,11:00,12:00
231,9,2019-2-7,18:00,19:00
232,2,2019-2-7,16:00,17:00
233,3,2019-2-7,15:00,16:00
234,1,2019-2-7,15:00,16:00
235,3,2019-2-7,10:00,11:00
236,7,2019-2-7,13:00,14:00
237,2,2019-2-7,13:00,14:00
238,6,2019-2-7,13:00,14:00
239,2,2019-2-7,17:00,18:00
240,8,2019-2-7,9:00,10:00
241,5,2019-2-7,14:00,15:00
242,2,2019-2-7,14:00,15:00
243,1,2019-2-7,10:00,11:00
244,3,2019-2-7,13:00,14:00
245,7,2019-2-7,13:00,14:00
246,4,2019-2-7,9:00,10:00
247,8,2019-2-7,14:00,15:00
248,2,2019-2-7,8:00,9:00
249,7,2019-2-7,13:00,14:00
250,8,2019-2-7,17:00,18:00
251,1,2019-2-7,10:00,11:00
252,5,2019-2-7,18:00,19:00
253,3,2019-2-7,10:00,11:00
254,9,2019-2-7,11:00,12:00
255,1,2019-2-7,12:00,13:00
256,5,2019-2-7,11:00,12:00
257,2,2019-2-7,14:00,15:00
258,7,2019-2-7,11:00,12:00
259,9,2019-2-7,14:00,15:00
260,5,2019-2-7,16:00,17:00
261,8,2019-2-7,15:00,16:00
262,4,2019-2-7,14:00,15:00
263,4,2019-2-7,17:00,18:00
264,8,2019-2-7,8:00,9:00
265,7,2019-2-7,10:00,11:00
266,3,2019-2-7,14:00,15:00
267,7,2019-2-7,13:00,14:00
268,3,2019-2-7,16:00,17:00
269,4,2019-2-7,14:00,15:00
270,6,2019-2-7,13:00,14:00
271,7,2019-2-7,17:00,18:00
272,2,2019-2-7,15:00,16:00
273,2,2019-2-7,13:00,14:00
274,6,2019-2-7,10:00,11:00
275,7,2019-2-7,18:00,19:00
276,5,2019-2-7,10:00,11:00
277,9,2019-2-7,17:00,18:00
278,5,2019-2-7,11:00,12:00
279,8,2019-2-7,17:00,18:00
280,1,2019-2-7,14:00,15:00
281,1,2019-2-7,16:00,17:00
282,4,2019-2-7,17:00,18:00
283,2,2019-2-7,16:00,17:00
284,6,2019-2-7,18:00,19:00
285,3,2019-2-7,15:00,16:00
286,3,2019-2-7,11:00,12:00
287,2,2019-2-7,14:00,15:00
288,8,2019-2-7,14:00,15:00
289,5,2019-2-7,10:00,11:00
290,7,2019-2-7,10:00,11:00
291,8,2019-2-7,8:00,9:00
292,8,2019-2-7,10:00,11:00
293,2,2019-2-7,16:00,17:00
294,9,2019-2-7,15:00,16:00
295,1,2019-2-7,15:00,16:00
296,4,2019-2-7,11:00,12:00
297,5,2019-2-7,14:00,15:00
298,8,2019-2-7,16:00,17:00
299,7,2019-2-7,17:00,18:00
300,8,2019-2-7,17:00,18:00
301,5,2019-2-7,10:00,11:00
302,1,2019-2-7,9:00,10:00
303,2,2019-2-7,17:00,18:00
304,8,2019-2-7,10:00,11:00
305,9,2019-2-7,16:00,17:00
306,9,2019-2-7,10:00,11:00
307,6,2019-2-7,14:00,15:00
308,6,2019-2-7,14:00,15:00
309,7,2019-2-7,11:00,12:00
310,1,2019-2-7,14:00,15:00
311,8,2019-2-7,17:00,18:00
312,5,2019-2-7,16:00,17:00
313,4,2019-2-7,16:00,17:00
314,6,2019-2-7,15:00,16:00
315,9,2019-2-7,15:00,16:00
316,2,2019-2-7,14:00,15:00
317,1,2019-2-7,10:00,11:00
318,9,2019-2-7,17:00,18:00
319,5,2019-2-7,13:00,14:00
320,1,2019-2-7,14:00,15:00
321,5,2019-2-7,10:00,11:00
322,3,2019-2-7,10:00,11:00
323,2,2019-2-7,13:00,14:00
324,7,2019-2-7,11:00,12:00
325,3,2019-2-7,15:00,16:00
326,1,2019-2-7,11:00,12:00
327,6,2019-2-7,13:00,14:00
328,9,2019-2-7,11:00,12:00
329,4,2019-2-7,17:00,18:00
330,6,2019-2-7,13:00,14:00
331,6,2019-2-7,8:00,9:00
332,3,2019-2-7,11:00,12:00
333,1,2019-2-7,17:00,18:00
334,1,2019-2-7,10:00,11:00
335,7,2019-2-7,14:00,15:00
336,8,2019-2-7,17:00,18:00
337,3,2019-2-7,13:00,14:00
338,5,2019-2-7,17:00,18:00
339,4,2019-2-7,16:00,17:00
340,8,2019-2-7,15:00,16:00
341,5,2019-2-7,10:00,11:00
342,1,2019-2-7,14:00,15:00
343,2,2019-2-7,13:00,14:00
344,7,2019-2-7,13:00,14:00
345,8,2019-2-7,17:00,18:00
346,6,2019-2-7,12:00,13:00
347,9,2019-2-7,9:00,10:00
348,4,2019-2-7,11:00,12:00
349,8,2019-2-7,17:00,18:00
350,1,2019-2-7,16:00,17:00
351,5,2019-2-7,13:00,14:00
352,9,2019-2-7,14:00,15:00
353,2,2019-2-7,13:00,14:00
354,3,2019-2-7,15:00,16:00
355,2,2019-2-7,14:00,15:00
356,4,2019-2-7,18:00,19:00
357,2,2019-2-7,17:00,18:00
358,6,2019-2-7,10:00,11:00
359,6,2019-2-7,12:00,13:00
360,8,2019-2-7,9:00,10:00
361,8,2019-2-7,14:00,15:00
362,2,2019-2-7,17:00,18:00
363,2,2019-2-7,17:00,18:00
364,3,2019-2-7,11:00,12:00
365,4,2019-2-7,18:00,19:00
366,9,2019-2-7,10:00,11:00
367,1,2019-2-7,17:00,18:00
368,7,2019-2-7,16:00,17:00
369,4,2019-2-7,11:00,12:00
370,9,2019-2-7,15:00,16:00
371,2,2019-2-7,9:00,10:00
372,8,2019-2-7,10:00,11:00
373,7,2019-2-7,11:00,12:00
374,4,2019-2-7,14:00,15:00
375,5,2019-2-7,11:00,12:00
376,3,2019-2-7,8:00,9:00
377,5,2019-2-7,8:00,9:00
378,8,2019-2-7,16:00,17:00
379,3,2019-2-7,14:00,15:00
380,4,2019-2-7,14:00,15:00
381,9,2019-2-7,11:00,12:00
382,7,2019-2-7,15:00,16:00
383,2,2019-2-7,15:00,16:00
384,1,2019-2-7,15:00,16:00
385,4,2019-2-7,12:00,13:00
386,1,2019-2-7,15:00,16:00
387,9,2019-2-7,14:00,15:00
388,1,2019-2-7,11:00,12:00
389,7,2019-2-7,11:00,12:00
390,1,2019-2-7,16:00,17:00
391,5,2019-2-7,13:00,14:00
392,8,2019-2-7,15:00,16:00
393,7,2019-2-7,16:00,17:00
394,5,2019-2-7,11:00,12:00
395,3,2019-2-7,17:00,18:00
396,6,2019-2-7,17:00,18:00
397,4,2019-2-7,16:00,17:00
398,5,2019-2-7,15:00,16:00
399,2,2019-2-7,16:00,17:00
400,7,2019-2-7,13:00,14:00
401,5,2019-2-7,11:00,12:00
402,5,2019-2-7,15:00,16:00
403,8,2019-2-7,13:00,14:00
404,2,2019-2-7,13:00,14:00
405,7,2019-2-7,10:00,11:00
406,9,2019-2-7,13:00,14:00
407,6,2019-2-7,14:00,15:00
408,7,2019-2-7,15:00,16:00
409,6,2019-2-7,14:00,15:00
410,4,2019-2-7,11:00,12:00
411,3,2019-2-7,14:00,15:00
412,5,2019-2-7,16:00,17:00
413,6,2019-2-7,17:00,18:00
414,3,2019-2-7,16:00,17:00
415,5,2019-2-7,16:00,17:00
416,9,2019-2-7,17:00,18:00
417,3,2019-2-7,13:00,14:00
418,1,2019-2-7,14:00,15:00
419,2,2019-2-7,8:00,9:00
420,8,2019-2-7,15:00,16:00
421,6,2019-2-7,17:00,18:00
422,1,2019-2-7,17:00,18:00
423,3,2019-2-7,17:00,18:00
424,9,2019-2-7,18:00,19:00
425,6,2019-2-7,13:00,14:00
426,5,2019-2-7,17:00,18:00
427,2,2019-2-7,11:00,12:00
428,6,2019-2-7,10:00,11:00
429,4,2019-2-7,13:00,14:00
430,5,2019-2-7,19:00,20:00
431,3,2019-2-7,14:00,15:00
432,7,2019-2-7,14:00,15:00
433,9,2019-2-7,15:00,16:00
434,1,2019-2-7,11:00,12:00
435,3,2019-2-7,17:00,18:00
436,9,2019-2-7,18:00,19:00
437,2,2019-2-7,19:00,20:00
438,6,2019-2-7,11:00,12:00
439,9,2019-2-7,11:00,12:00
440,5,2019-2-7,16:00,17:00
441,6,2019-2-7,12:00,13:00
442,5,2019-2-7,18:00,19:00
443,5,2019-2-7,8:00,9:00
444,8,2019-2-7,16:00,17:00
445,3,2019-2-7,11:00,12:00
446,4,2019-2-7,11:00,12:00
447,8,2019-2-7,15:00,16:00
448,6,2019-2-7,13:00,14:00
449,5,2019-2-7,15:00,16:00
450,7,2019-2-7,11:00,12:00
451,4,2019-2-7,15:00,16:00
452,3,2019-2-7,16:00,17:00
453,7,2019-2-7,9:00,10:00
454,7,2019-2-7,13:00,14:00
455,2,2019-2-7,10:00,11:00
456,8,2019-2-7,10:00,11:00
457,5,2019-2-7,11:00,12:00
458,9,2019-2-7,16:00,17:00
459,1,2019-2-7,11:00,12:00
460,9,2019-2-7,15:00,16:00
461,9,2019-2-7,16:00,17:00
462,3,2019-2-7,12:00,13:00
463,5,2019-2-7,15:00,16:00
464,5,2019-2-7,17:00,18:00
465,3,2019-2-7,17:00,18:00
466,6,2019-2-7,16:00,17:00
467,7,2019-2-7,10:00,11:00
468,3,2019-2-7,11:00,12:00
469,5,2019-2-7,16:00,17:00
470,1,2019-2-7,16:00,17:00
471,4,2019-2-7,10:00,11:00
472,4,2019-2-7,10:00,11:00
473,9,2019-2-7,14:00,15:00
474,5,2019-2-7,15:00,16:00
475,6,2019-2-7,13:00,14:00
476,6,2019-2-7,13:00,14:00
477,2,2019-2-7,16:00,17:00
478,5,2019-2-7,19:00,20:00
479,9,2019-2-7,13:00,14:00
480,2,2019-2-7,16:00,17:00
481,3,2019-2-7,17:00,18:00
482,9,2019-2-7,10:00,11:00
483,6,2019-2-7,10:00,11:00
484,5,2019-2-7,16:00,17:00
485,5,2019-2-7,12:00,13:00
486,7,2019-2-7,10:00,11:00
487,3,2019-2-7,8:00,9:00
488,6,2019-2-7,13:00,14:00
489,5,2019-2-7,14:00,15:00
490,4,2019-2-7,14:00,15:00
491,9,2019-2-7,17:00,18:00
492,9,2019-2-7,16:00,17:00
493,7,2019-2-7,16:00,17:00
494,3,2019-2-7,16:00,17:00
495,2,2019-2-7,13:00,14:00
496,7,2019-2-7,17:00,18:00
497,2,2019-2-7,10:00,11:00
498,6,2019-2-7,19:00,20:00
499,9,2019-2-7,8:00,9:00
500,1,2019-2-7,19:00,20:00
501,2,2019-2-7,10:00,11:00
502,6,2019-2-7,16:00,17:00
503,6,2019-2-7,14:00,15:00
504,5,2019-2-7,8:00,9:00
505,9,2019-2-7,17:00,18:00
506,9,2019-2-7,8:00,9:00
507,5,2019-2-7,13:00,14:00
508,5,2019-2-7,13:00,14:00
509,8,2019-2-7,13:00,14:00
510,5,2019-2-7,16:00,17:00
511,1,2019-2-7,15:00,16:00
512,9,2019-2-7,16:00,17:00
513,3,2019-2-7,10:00,11:00
514,3,2019-2-7,11:00,12:00
515,4,2019-2-7,10:00,11:00
516,9,2019-2-7,16:00,17:00
517,8,2019-2-7,11:00,12:00
518,6,2019-2-7,19:00,20:00
519,2,2019-2-7,8:00,9:00
520,5,2019-2-7,11:00,12:00
521,1,2019-2-7,9:00,10:00
522,8,2019-2-7,11:00,12:00
523,9,2019-2-7,17:00,18:00
524,7,2019-2-7,17:00,18:00
525,5,2019-2-7,12:00,13:00
526,4,2019-2-7,15:00,16:00
527,9,2019-2-7,14:00,15:00
528,6,2019-2-7,17:00,18:00
529,2,2019-2-7,17:00,18:00
530,1,2019-2-7,11:00,12:00
531,1,2019-2-7,17:00,18:00
532,5,2019-2-7,15:00,16:00
533,3,2019-2-7,17:00,18:00
534,3,2019-2-7,15:00,16:00
535,6,2019-2-7,14:00,15:00
536,3,2019-2-7,15:00,16:00
537,6,2019-2-7,17:00,18:00
538,8,2019-2-7,10:00,11:00
539,4,2019-2-7,15:00,16:00
540,6,2019-2-7,15:00,16:00
541,2,2019-2-7,15:00,16:00
542,2,2019-2-7,14:00,15:00
543,1,2019-2-7,15:00,16:00
544,8,2019-2-7,13:00,14:00
545,8,2019-2-7,14:00,15:00
546,7,2019-2-7,15:00,16:00
547,1,2019-2-7,11:00,12:00
548,9,2019-2-7,11:00,12:00
549,3,2019-2-7,11:00,12:00
550,3,2019-2-7,17:00,18:00
551,2,2019-2-7,15:00,16:00
552,4,2019-2-7,13:00,14:00
553,9,2019-2-7,13:00,14:00
554,5,2019-2-7,11:00,12:00
555,6,2019-2-7,9:00,10:00
556,4,2019-2-7,14:00,15:00
557,4,2019-2-7,10:00,11:00
558,8,2019-2-7,17:00,18:00
559,2,2019-2-7,10:00,11:00
560,6,2019-2-7,10:00,11:00
561,2,2019-2-7,13:00,14:00
562,7,2019-2-7,18:00,19:00
563,4,2019-2-7,9:00,10:00
564,2,2019-2-7,13:00,14:00
565,6,2019-2-7,11:00,12:00
566,2,2019-2-7,13:00,14:00
567,5,2019-2-7,18:00,19:00
568,8,2019-2-7,10:00,11:00
569,9,2019-2-7,10:00,11:00
570,5,2019-2-7,12:00,13:00
571,7,2019-2-7,17:00,18:00
572,1,2019-2-7,15:00,16:00
573,1,2019-2-7,16:00,17:00
574,5,2019-2-7,17:00,18:00
575,4,2019-2-7,10:00,11:00
576,4,2019-2-7,11:00,12:00
577,3,2019-2-7,10:00,11:00
578,9,2019-2-7,10:00,11:00
579,5,2019-2-7,14:00,15:00
580,1,2019-2-7,15:00,16:00
581,4,2019-2-7,10:00,11:00
582,4,2019-2-7,16:00,17:00
583,8,2019-2-7,8:00,9:00
584,2,2019-2-7,10:00,11:00
585,3,2019-2-7,12:00,13:00
586,8,2019-2-7,13:00,14:00
587,1,2019-2-7,15:00,16:00
588,8,2019-2-7,17:00,18:00
589,9,2019-2-7,17:00,18:00
590,9,2019-2-7,16:00,17:00
591,9,2019-2-7,10:00,11:00
592,9,2019-2-7,17:00,18:00
593,2,2019-2-7,17:00,18:00
594,1,2019-2-7,15:00,16:00
595,7,2019-2-7,11:00,12:00
596,2,2019-2-7,13:00,14:00
597,2,2019-2-7,13:00,14:00
598,2,2019-2-7,19:00,20:00
599,6,2019-2-7,13:00,14:00
600,4,2019-2-7,11:00,12:00
601,5,2019-2-7,12:00,13:00
602,3,2019-2-7,17:00,18:00
603,5,2019-2-7,10:00,11:00
604,5,2019-2-7,19:00,20:00
605,7,2019-2-7,17:00,18:00
606,5,2019-2-7,19:00,20:00
607,5,2019-2-7,13:00,14:00
608,7,2019-2-7,16:00,17:00
609,4,2019-2-7,17:00,18:00
610,8,2019-2-7,15:00,16:00
611,6,2019-2-7,11:00,12:00
612,6,2019-2-7,13:00,14:00
613,1,2019-2-7,10:00,11:00
614,2,2019-2-7,15:00,16:00
615,3,2019-2-7,15:00,16:00
616,4,2019-2-7,16:00,17:00
617,2,2019-2-7,18:00,19:00
618,2,2019-2-7,12:00,13:00
619,3,2019-2-7,11:00,12:00
620,8,2019-2-7,11:00,12:00
621,3,2019-2-7,14:00,15:00
622,5,2019-2-7,9:00,10:00
623,5,2019-2-7,10:00,11:00
624,1,2019-2-7,9:00,10:00
625,4,2019-2-7,15:00,16:00
626,5,2019-2-7,9:00,10:00
627,4,2019-2-7,10:00,11:00
628,6,2019-2-7,10:00,11:00
629,8,2019-2-7,12:00,13:00
630,2,2019-2-7,15:00,16:00
631,5,2019-2-7,15:00,16:00
632,6,2019-2-7,10:00,11:00
633,2,2019-2-7,11:00,12:00
634,6,2019-2-7,16:00,17:00
635,1,2019-2-7,15:00,16:00
636,6,2019-2-7,14:00,15:00
637,4,2019-2-7,16:00,17:00
638,5,2019-2-7,9:00,10:00
639,8,2019-2-7,10:00,11:00
640,9,2019-2-7,10:00,11:00
641,8,2019-2-7,14:00,15:00
642,2,2019-2-7,17:00,18:00
643,9,2019-2-7,15:00,16:00
644,4,2019-2-7,14:00,15:00
645,4,2019-2-7,13:00,14:00
646,8,2019-2-7,16:00,17:00
647,3,2019-2-7,17:00,18:00
648,3,2019-2-7,17:00,18:00
649,5,2019-2-7,14:00,15:00
650,1,2019-2-7,16:00,17:00
651,8,2019-2-7,10:00,11:00
652,1,2019-2-7,17:00,18:00
653,1,2019-2-7,14:00,15:00
654,1,2019-2-7,15:00,16:00
655,9,2019-2-7,12:00,13:00
656,8,2019-2-7,11:00,12:00
657,7,2019-2-7,15:00,16:00
658,1,2019-2-7,11:00,12:00
659,1,2019-2-7,10:00,11:00
660,3,2019-2-7,16:00,17:00
661,7,2019-2-7,14:00,15:00
662,8,2019-2-7,18:00,19:00
663,1,2019-2-7,12:00,13:00
664,5,2019-2-7,11:00,12:00
665,4,2019-2-7,14:00,15:00
666,2,2019-2-7,17:00,18:00
667,7,2019-2-7,14:00,15:00
668,4,2019-2-7,11:00,12:00
669,6,2019-2-7,14:00,15:00
670,4,2019-2-7,13:00,14:00
671,4,2019-2-7,16:00,17:00
672,7,2019-2-7,17:00,18:00
673,3,2019-2-7,16:00,17:00
674,4,2019-2-7,9:00,10:00
675,2,2019-2-7,17:00,18:00
676,7,2019-2-7,14:00,15:00
677,3,2019-2-7,15:00,16:00
678,5,2019-2-7,14:00,15:00
679,9,2019-2-7,17:00,18:00
680,7,2019-2-7,15:00,16:00
681,4,2019-2-7,18:00,19:00
682,9,2019-2-7,11:00,12:00
683,6,2019-2-7,17:00,18:00
684,9,2019-2-7,13:00,14:00
685,6,2019-2-7,13:00,14:00
686,3,2019-2-7,15:00,16:00
687,4,2019-2-7,10:00,11:00
688,6,2019-2-7,11:00,12:00
689,8,2019-2-7,17:00,18:00
690,6,2019-2-7,13:00,14:00
691,2,2019-2-7,17:00,18:00
692,2,2019-2-7,11:00,12:00
693,2,2019-2-7,19:00,20:00
694,4,2019-2-7,10:00,11:00
695,7,2019-2-7,8:00,9:00
696,2,2019-2-7,19:00,20:00
697,4,2019-2-7,16:00,17:00
698,8,2019-2-7,10:00,11:00
699,8,2019-2-7,10:00,11:00
700,4,2019-2-7,14:00,15:00
701,2,2019-2-7,13:00,14:00
702,1,2019-2-7,14:00,15:00
703,2,2019-2-7,13:00,14:00
704,4,2019-2-7,13:00,14:00
705,2,2019-2-7,16:00,17:00
706,4,2019-2-7,10:00,11:00
707,7,2019-2-7,17:00,18:00
708,2,2019-2-7,13:00,14:00
709,3,2019-2-7,18:00,19:00
710,5,2019-2-7,16:00,17:00
711,4,2019-2-7,14:00,15:00
712,5,2019-2-7,17:00,18:00
713,5,2019-2-7,10:00,11:00
714,3,2019-2-7,11:00,12:00
715,9,2019-2-7,17:00,18:00
716,5,2019-2-7,18:00,19:00
717,3,2019-2-7,14:00,15:00
718,9,2019-2-7,13:00,14:00
719,3,2019-2-7,15:00,16:00
720,9,2019-2-7,13:00,14:00
721,6,2019-2-7,16:00,17:00
722,3,2019-2-7,14:00,15:00
723,5,2019-2-7,16:00,17:00
724,7,2019-2-7,17:00,18:00
725,7,2019-2-7,17:00,18:00
726,2,2019-2-7,15:00,16:00
727,3,2019-2-7,16:00,17:00
728,3,2019-2-7,16:00,17:00
729,1,2019-2-7,10:00,11:00
730,6,2019-2-7,12:00,13:00
731,6,2019-2-7,11:00,12:00
732,2,2019-2-7,19:00,20:00
733,2,2019-2-7,17:00,18:00
734,1,2019-2-7,10:00,11:00
735,8,2019-2-7,14:00,15:00
736,6,2019-2-7,15:00,16:00
737,2,2019-2-7,15:00,16:00
738,6,2019-2-7,16:00,17:00
739,7,2019-2-7,13:00,14:00
740,4,2019-2-7,10:00,11:00
741,4,2019-2-7,13:00,14:00
742,1,2019-2-7,9:00,10:00
743,1,2019-2-7,19:00,20:00
744,4,2019-2-7,19:00,20:00
745,1,2019-2-7,11:00,12:00
746,7,2019-2-7,15:00,16:00
747,9,2019-2-7,16:00,17:00
748,8,2019-2-7,16:00,17:00
749,9,2019-2-7,10:00,11:00
750,4,2019-2-7,15:00,16:00
751,2,2019-2-7,18:00,19:00
752,2,2019-2-7,15:00,16:00
753,4,2019-2-7,16:00,17:00
754,7,2019-2-7,10:00,11:00
755,8,2019-2-7,12:00,13:00
756,1,2019-2-7,13:00,14:00
757,5,2019-2-7,10:00,11:00
758,4,2019-2-7,15:00,16:00
759,6,2019-2-7,10:00,11:00
760,2,2019-2-7,14:00,15:00
761,3,2019-2-7,11:00,12:00
762,4,2019-2-7,16:00,17:00
763,6,2019-2-7,17:00,18:00
764,3,2019-2-7,13:00,14:00
765,1,2019-2-7,19:00,20:00
766,2,2019-2-7,11:00,12:00
767,4,2019-2-7,18:00,19:00
768,9,2019-2-7,18:00,19:00
769,2,2019-2-7,11:00,12:00
770,8,2019-2-7,10:00,11:00
771,2,2019-2-7,11:00,12:00
772,5,2019-2-7,12:00,13:00
773,3,2019-2-7,16:00,17:00
774,4,2019-2-7,12:00,13:00
775,4,2019-2-7,14:00,15:00
776,8,2019-2-7,14:00,15:00
777,2,2019-2-7,10:00,11:00
778,5,2019-2-7,13:00,14:00
779,7,2019-2-7,14:00,15:00
780,2,2019-2-7,11:00,12:00
781,3,2019-2-7,13:00,14:00
782,3,2019-2-7,11:00,12:00
783,2,2019-2-7,8:00,9:00
784,5,2019-2-7,17:00,18:00
785,3,2019-2-7,17:00,18:00
786,3,2019-2-7,15:00,16:00
787,5,2019-2-7,11:00,12:00
788,2,2019-2-7,11:00,12:00
789,8,2019-2-7,17:00,18:00
790,2,2019-2-7,14:00,15:00
791,4,2019-2-7,16:00,17:00
792,9,2019-2-7,17:00,18:00
793,8,2019-2-7,17:00,18:00
794,3,2019-2-7,17:00,18:00
795,9,2019-2-7,11:00,12:00
796,5,2019-2-7,14:00,15:00
797,3,2019-2-7,10:00,11:00
798,1,2019-2-7,16:00,17:00
799,6,2019-2-7,17:00,18:00
800,6,2019-2-7,16:00,17:00
801,1,2019-2-7,13:00,14:00
802,6,2019-2-7,15:00,16:00
803,1,2019-2-7,16:00,17:00
804,5,2019-2-7,17:00,18:00
805,7,2019-2-7,14:00,15:00
806,3,2019-2-7,9:00,10:00
807,9,2019-2-7,11:00,12:00
808,8,2019-2-7,11:00,12:00
809,3,2019-2-7,16:00,17:00
810,4,2019-2-7,8:00,9:00
811,2,2019-2-7,11:00,12:00
812,3,2019-2-7,12:00,13:00
813,9,2019-2-7,15:00,16:00
814,1,2019-2-7,14:00,15:00
815,2,2019-2-7,11:00,12:00
816,4,2019-2-7,11:00,12:00
817,1,2019-2-7,15:00,16:00
818,3,2019-2-7,16:00,17:00
819,8,2019-2-7,16:00,17:00
820,5,2019-2-7,13:00,14:00
821,8,2019-2-7,17:00,18:00
822,4,2019-2-7,15:00,16:00
823,6,2019-2-7,16:00,17:00
824,5,2019-2-7,15:00,16:00
825,6,2019-2-7,18:00,19:00
826,7,2019-2-7,11:00,12:00
827,1,2019-2-7,17:00,18:00
828,4,2019-2-7,17:00,18:00
829,2,2019-2-7,17:00,18:00
830,3,2019-2-7,16:00,17:00
831,2,2019-2-7,11:00,12:00
832,5,2019-2-7,8:00,9:00
833,9,2019-2-7,14:00,15:00
834,5,2019-2-7,13:00,14:00
835,4,2019-2-7,16:00,17:00
836,3,2019-2-7,14:00,15:00
837,1,2019-2-7,17:00,18:00
838,5,2019-2-7,17:00,18:00
839,8,2019-2-7,11:00,12:00
840,9,2019-2-7,18:00,19:00
841,4,2019-2-7,13:00,14:00
842,1,2019-2-7,14:00,15:00
843,1,2019-2-7,17:00,18:00
844,4,2019-2-7,17:00,18:00
845,2,2019-2-7,13:00,14:00
846,3,2019-2-7,14:00,15:00
847,1,2019-2-7,15:00,16:00
848,2,2019-2-7,15:00,16:00
849,7,2019-2-7,11:00,12:00
850,7,2019-2-7,11:00,12:00
851,7,2019-2-7,17:00,18:00
852,6,2019-2-7,13:00,14:00
853,3,2019-2-7,15:00,16:00
854,7,2019-2-7,10:00,11:00
855,4,2019-2-7,17:00,18:00
856,7,2019-2-7,17:00,18:00
857,7,2019-2-7,8:00,9:00
858,2,2019-2-7,10:00,11:00
859,4,2019-2-7,14:00,15:00
860,9,2019-2-7,19:00,20:00
861,7,2019-2-7,10:00,11:00
862,7,2019-2-7,14:00,15:00
863,4,2019-2-7,17:00,18:00
864,3,2019-2-7,10:00,11:00
865,7,2019-2-7,17:00,18:00
866,1,2019-2-7,15:00,16:00
867,3,2019-2-7,11:00,12:00
868,8,2019-2-7,14:00,15:00
869,9,2019-2-7,16:00,17:00
870,4,2019-2-7,10:00,11:00
871,8,2019-2-7,14:00,15:00
872,5,2019-2-7,14:00,15:00
873,1,2019-2-7,14:00,15:00
874,5,2019-2-7,15:00,16:00
875,7,2019-2-7,11:00,12:00
876,8,2019-2-7,10:00,11:00
877,1,2019-2-7,17:00,18:00
878,6,2019-2-7,17:00,18:00
879,8,2019-2-7,15:00,16:00
880,6,2019-2-7,16:00,17:00
881,8,2019-2-7,17:00,18:00
882,3,2019-2-7,14:00,15:00
883,2,2019-2-7,10:00,11:00
884,4,2019-2-7,14:00,15:00
885,7,2019-2-7,16:00,17:00
886,6,2019-2-7,10:00,11:00
887,3,2019-2-7,19:00,20:00
888,1,2019-2-7,15:00,16:00
889,8,2019-2-7,13:00,14:00
890,4,2019-2-7,16:00,17:00
891,8,2019-2-7,12:00,13:00
892,5,2019-2-7,17:00,18:00
893,5,2019-2-7,14:00,15:00
894,1,2019-2-7,17:00,18:00
895,9,2019-2-7,13:00,14:00
896,6,2019-2-7,11:00,12:00
897,2,2019-2-7,17:00,18:00
898,7,2019-2-7,11:00,12:00
899,4,2019-2-7,10:00,11:00
900,7,2019-2-7,14:00,15:00
901,4,2019-2-7,15:00,16:00
902,7,2019-2-7,10:00,11:00
903,6,2019-2-7,9:00,10:00
904,9,2019-2-7,17:00,18:00
905,9,2019-2-7,15:00,16:00
906,3,2019-2-7,16:00,17:00
907,4,2019-2-7,13:00,14:00
908,7,2019-2-7,12:00,13:00
909,3,2019-2-7,16:00,17:00
910,4,2019-2-7,11:00,12:00
911,8,2019-2-7,11:00,12:00
912,8,2019-2-7,15:00,16:00
913,6,2019-2-7,10:00,11:00
914,3,2019-2-7,17:00,18:00
915,4,2019-2-7,17:00,18:00
916,9,2019-2-7,13:00,14:00
917,9,2019-2-7,9:00,10:00
918,7,2019-2-7,16:00,17:00
919,4,2019-2-7,13:00,14:00
920,9,2019-2-7,9:00,10:00
921,1,2019-2-7,11:00,12:00
922,9,2019-2-7,13:00,14:00
923,8,2019-2-7,12:00,13:00
924,9,2019-2-7,13:00,14:00
925,1,2019-2-7,13:00,14:00
926,7,2019-2-7,17:00,18:00
927,7,2019-2-7,10:00,11:00
928,3,2019-2-7,11:00,12:00
929,3,2019-2-7,16:00,17:00
930,9,2019-2-7,14:00,15:00
931,7,2019-2-7,18:00,19:00
932,7,2019-2-7,11:00,12:00
933,5,2019-2-7,17:00,18:00
934,1,2019-2-7,14:00,15:00
935,9,2019-2-7,17:00,18:00
936,5,2019-2-7,14:00,15:00
937,3,2019-2-7,11:00,12:00
938,8,2019-2-7,14:00,15:00
939,2,2019-2-7,15:00,16:00
940,1,2019-2-7,17:00,18:00
941,6,2019-2-7,15:00,16:00
942,4,2019-2-7,13:00,14:00
943,7,2019-2-7,15:00,16:00
944,4,2019-2-7,13:00,14:00
945,7,2019-2-7,10:00,11:00
946,9,2019-2-7,11:00,12:00
947,4,2019-2-7,15:00,16:00
948,6,2019-2-7,13:00,14:00
949,9,2019-2-7,17:00,18:00
950,7,2019-2-7,14:00,15:00
951,7,2019-2-7,11:00,12:00
952,4,2019-2-7,14:00,15:00
953,8,2019-2-7,8:00,9:00
954,5,2019-2-7,13:00,14:00
955,6,2019-2-7,10:00,11:00
956,2,2019-2-7,13:00,14:00
957,7,2019-2-7,10:00,11:00
958,3,2019-2-7,16:00,17:00
959,2,2019-2-7,11:00,12:00
960,9,2019-2-7,14:00,15:00
961,6,2019-2-7,9:00,10:00
962,2,2019-2-7,14:00,15:00
963,9,2019-2-7,14:00,15:00
964,2,2019-2-7,10:00,11:00
965,6,2019-2-7,13:00,14:00
966,4,2019-2-7,15:00,16:00
967,6,2019-2-7,11:00,12:00
968,3,2019-2-7,13:00,14:00
969,9,2019-2-7,18:00,19:00
970,8,2019-2-7,10:00,11:00
971,7,2019-2-7,10:00,11:00
972,3,2019-2-7,14:00,15:00
973,1,2019-2-7,8:00,9:00
974,2,2019-2-7,16:00,17:00
975,5,2019-2-7,17:00,18:00
976,8,2019-2-7,10:00,11:00
977,5,2019-2-7,13:00,14:00
978,3,2019-2-7,10:00,11:00
979,5,2019-2-7,10:00,11:00
980,2,2019-2-7,15:00,16:00
981,9,2019-2-7,10:00,11:00
982,7,2019-2-7,14:00,15:00
983,2,2019-2-7,19:00,20:00
984,1,2019-2-7,10:00,11:00
985,1,2019-2-7,11:00,12:00
986,5,2019-2-7,15:00,16:00
987,9,2019-2-7,16:00,17:00
988,6,2019-2-7,8:00,9:00
989,8,2019-2-7,18:00,19:00
990,1,2019-2-7,19:00,20:00
991,2,2019-2-7,14:00,15:00
992,1,2019-2-7,13:00,14:00
993,7,2019-2-7,9:00,10:00
994,3,2019-2-7,11:00,12:00
995,7,2019-2-7,8:00,9:00
996,2,2019-2-7,13:00,14:00
997,9,2019-2-7,15:00,16:00
998,7,2019-2-7,16:00,17:00
999,1,2019-2-7,15:00,16:00
1000,8,2019-2-7,16:00,17:00
1001,2,2019-2-7,14:00,15:00
1002,1,2019-2-7,14:00,15:00
1003,9,2019-2-7,14:00,15:00
1004,5,2019-2-7,18:00,19:00
1005,7,2019-2-7,17:00,18:00
1006,8,2019-2-7,12:00,13:00
1007,7,2019-2-7,14:00,15:00
1008,6,2019-2-7,13:00,14:00
1009,7,2019-2-7,16:00,17:00
1010,3,2019-2-7,16:00,17:00
1011,8,2019-2-7,11:00,12:00
1012,9,2019-2-7,17:00,18:00
1013,4,2019-2-7,16:00,17:00
1014,2,2019-2-7,15:00,16:00
1015,6,2019-2-7,16:00,17:00
1016,3,2019-2-7,11:00,12:00
1017,2,2019-2-7,17:00,18:00
1018,9,2019-2-7,11:00,12:00
1019,3,2019-2-7,15:00,16:00
1020,5,2019-2-7,15:00,16:00
1021,3,2019-2-7,13:00,14:00
1022,7,2019-2-7,15:00,16:00
1023,8,2019-2-7,15:00,16:00
1024,7,2019-2-7,9:00,10:00
1025,3,2019-2-7,15:00,16:00
1026,1,2019-2-7,10:00,11:00
1027,1,2019-2-7,10:00,11:00
1028,8,2019-2-7,14:00,15:00
1029,9,2019-2-7,17:00,18:00
1030,3,2019-2-7,11:00,12:00
1031,9,2019-2-7,13:00,14:00
1032,8,2019-2-7,11:00,12:00
1033,8,2019-2-7,13:00,14:00
1034,1,2019-2-7,14:00,15:00
1035,2,2019-2-7,19:00,20:00
1036,1,2019-2-7,13:00,14:00
1037,5,2019-2-7,10:00,11:00
1038,9,2019-2-7,17:00,18:00
1039,4,2019-2-7,11:00,12:00
1040,1,2019-2-7,15:00,16:00
1041,8,2019-2-7,16:00,17:00
1042,6,2019-2-7,11:00,12:00
1043,9,2019-2-7,14:00,15:00
1044,4,2019-2-7,16:00,17:00
1045,9,2019-2-7,10:00,11:00
1046,1,2019-2-7,15:00,16:00
1047,3,2019-2-7,10:00,11:00
1048,5,2019-2-7,11:00,12:00
1049,2,2019-2-7,14:00,15:00
1050,6,2019-2-7,16:00,17:00
1051,3,2019-2-7,11:00,12:00
1052,8,2019-2-7,19:00,20:00
1053,9,2019-2-7,17:00,18:00
1054,9,2019-2-7,10:00,11:00
1055,2,2019-2-7,17:00,18:00
1056,3,2019-2-7,15:00,16:00
1057,5,2019-2-7,17:00,18:00
1058,1,2019-2-7,17:00,18:00
1059,8,2019-2-7,15:00,16:00
1060,5,2019-2-7,16:00,17:00
1061,5,2019-2-7,14:00,15:00
1062,5,2019-2-7,13:00,14:00
1063,8,2019-2-7,13:00,14:00
1064,4,2019-2-7,14:00,15:00
1065,2,2019-2-7,11:00,12:00
1066,8,2019-2-7,16:00,17:00
1067,1,2019-2-7,9:00,10:00
1068,4,2019-2-7,11:00,12:00
1069,4,2019-2-7,15:00,16:00
1070,1,2019-2-7,10:00,11:00
1071,9,2019-2-7,10:00,11:00
1072,3,2019-2-7,16:00,17:00
1073,9,2019-2-7,16:00,17:00
1074,1,2019-2-7,13:00,14:00
1075,9,2019-2-7,15:00,16:00
1076,9,2019-2-7,11:00,12:00
1077,5,2019-2-7,16:00,17:00
1078,9,2019-2-7,11:00,12:00
1079,4,2019-2-7,14:00,15:00
1080,6,2019-2-7,11:00,12:00
1081,7,2019-2-7,16:00,17:00
1082,7,2019-2-7,14:00,15:00
1083,5,2019-2-7,15:00,16:00
1084,8,2019-2-7,11:00,12:00
1085,3,2019-2-7,11:00,12:00
1086,4,2019-2-7,13:00,14:00
1087,7,2019-2-7,15:00,16:00
1088,4,2019-2-7,15:00,16:00
1089,3,2019-2-7,14:00,15:00
1090,8,2019-2-7,10:00,11:00
1091,1,2019-2-7,13:00,14:00
1092,6,2019-2-7,15:00,16:00
1093,4,2019-2-7,15:00,16:00
1094,1,2019-2-7,14:00,15:00
1095,2,2019-2-7,19:00,20:00
1096,7,2019-2-7,10:00,11:00
1097,7,2019-2-7,10:00,11:00
1098,3,2019-2-7,10:00,11:00
1099,9,2019-2-7,15:00,16:00
1100,6,2019-2-7,11:00,12:00
1101,2,2019-2-7,14:00,15:00
1102,5,2019-2-7,17:00,18:00
1103,4,2019-2-7,10:00,11:00
1104,7,2019-2-7,14:00,15:00
1105,5,2019-2-7,15:00,16:00
1106,5,2019-2-7,11:00,12:00
1107,5,2019-2-7,14:00,15:00
1108,1,2019-2-7,16:00,17:00
1109,4,2019-2-7,15:00,16:00
1110,5,2019-2-7,14:00,15:00
1111,4,2019-2-7,13:00,14:00
1112,7,2019-2-7,11:00,12:00
1113,3,2019-2-7,11:00,12:00
1114,5,2019-2-7,14:00,15:00
1115,4,2019-2-7,14:00,15:00
1116,1,2019-2-7,14:00,15:00
1117,8,2019-2-7,11:00,12:00
1118,6,2019-2-7,12:00,13:00
1119,3,2019-2-7,15:00,16:00
1120,4,2019-2-7,16:00,17:00
1121,9,2019-2-7,17:00,18:00
1122,9,2019-2-7,13:00,14:00
1123,3,2019-2-7,15:00,16:00
1124,4,2019-2-7,13:00,14:00
1125,7,2019-2-7,10:00,11:00
1126,1,2019-2-7,17:00,18:00
1127,9,2019-2-7,10:00,11:00
1128,6,2019-2-7,14:00,15:00
1129,9,2019-2-7,16:00,17:00
1130,8,2019-2-7,10:00,11:00
1131,6,2019-2-7,14:00,15:00
1132,4,2019-2-7,17:00,18:00
1133,1,2019-2-7,11:00,12:00
1134,6,2019-2-7,11:00,12:00
1135,5,2019-2-7,11:00,12:00
1136,7,2019-2-7,12:00,13:00
1137,6,2019-2-7,17:00,18:00
1138,7,2019-2-7,11:00,12:00
1139,5,2019-2-7,11:00,12:00
1140,9,2019-2-7,11:00,12:00
1141,2,2019-2-7,15:00,16:00
1142,9,2019-2-7,16:00,17:00
1143,5,2019-2-7,11:00,12:00
1144,7,2019-2-7,15:00,16:00
1145,6,2019-2-7,16:00,17:00
1146,3,2019-2-7,10:00,11:00
1147,8,2019-2-7,14:00,15:00
1148,4,2019-2-7,15:00,16:00
1149,2,2019-2-7,12:00,13:00
1150,4,2019-2-7,11:00,12:00
1151,4,2019-2-7,9:00,10:00
1152,5,2019-2-7,15:00,16:00
1153,8,2019-2-7,9:00,10:00
1154,9,2019-2-7,14:00,15:00
1155,3,2019-2-7,11:00,12:00
1156,5,2019-2-7,10:00,11:00
1157,9,2019-2-7,10:00,11:00
1158,2,2019-2-7,18:00,19:00
1159,9,2019-2-7,16:00,17:00
1160,6,2019-2-7,11:00,12:00
1161,2,2019-2-7,14:00,15:00
1162,5,2019-2-7,16:00,17:00
1163,2,2019-2-7,11:00,12:00
1164,3,2019-2-7,10:00,11:00
1165,5,2019-2-7,14:00,15:00
1166,3,2019-2-7,11:00,12:00
1167,4,2019-2-7,16:00,17:00
1168,1,2019-2-7,17:00,18:00
1169,3,2019-2-7,9:00,10:00
1170,4,2019-2-7,15:00,16:00
1171,8,2019-2-7,17:00,18:00
1172,1,2019-2-7,15:00,16:00
1173,8,2019-2-7,18:00,19:00
1174,9,2019-2-7,13:00,14:00
1175,8,2019-2-7,17:00,18:00
1176,8,2019-2-7,13:00,14:00
1177,2,2019-2-7,13:00,14:00
1178,1,2019-2-7,13:00,14:00
1179,7,2019-2-7,19:00,20:00
1180,1,2019-2-7,17:00,18:00
1181,1,2019-2-7,10:00,11:00
1182,2,2019-2-7,10:00,11:00
1183,8,2019-2-7,11:00,12:00
1184,7,2019-2-7,14:00,15:00
1185,9,2019-2-7,16:00,17:00
1186,8,2019-2-7,14:00,15:00
1187,6,2019-2-7,16:00,17:00
1188,5,2019-2-7,9:00,10:00
1189,6,2019-2-7,19:00,20:00
1190,1,2019-2-7,11:00,12:00
1191,6,2019-2-7,17:00,18:00
1192,2,2019-2-7,16:00,17:00
1193,1,2019-2-7,17:00,18:00
1194,6,2019-2-7,10:00,11:00
1195,9,2019-2-7,14:00,15:00
1196,6,2019-2-7,13:00,14:00
1197,1,2019-2-7,16:00,17:00
1198,2,2019-2-7,13:00,14:00
1199,1,2019-2-7,17:00,18:00
1200,2,2019-2-7,10:00,11:00
1201,3,2019-2-7,10:00,11:00
1202,8,2019-2-7,11:00,12:00
1203,1,2019-2-7,17:00,18:00
1204,4,2019-2-7,16:00,17:00
1205,9,2019-2-7,13:00,14:00
1206,9,2019-2-7,12:00,13:00
1207,2,2019-2-7,12:00,13:00
1208,3,2019-2-7,11:00,12:00
1209,9,2019-2-7,14:00,15:00
1210,3,2019-2-7,17:00,18:00
1211,9,2019-2-7,14:00,15:00
1212,4,2019-2-7,13:00,14:00
1213,6,2019-2-7,8:00,9:00
1214,2,2019-2-7,11:00,12:00
1215,2,2019-2-7,11:00,12:00
1216,6,2019-2-7,10:00,11:00
1217,3,2019-2-7,11:00,12:00
1218,5,2019-2-7,10:00,11:00
1219,9,2019-2-7,11:00,12:00
1220,2,2019-2-7,16:00,17:00
1221,8,2019-2-7,11:00,12:00
1222,7,2019-2-7,17:00,18:00
1223,9,2019-2-7,18:00,19:00
1224,6,2019-2-7,13:00,14:00
1225,3,2019-2-7,9:00,10:00
1226,2,2019-2-7,11:00,12:00
1227,6,2019-2-7,15:00,16:00
1228,9,2019-2-7,14:00,15:00
1229,8,2019-2-7,19:00,20:00
1230,7,2019-2-7,17:00,18:00
1231,7,2019-2-7,11:00,12:00
1232,3,2019-2-7,13:00,14:00
1233,7,2019-2-7,16:00,17:00
1234,5,2019-2-7,10:00,11:00
1235,9,2019-2-7,13:00,14:00
1236,5,2019-2-7,15:00,16:00
1237,2,2019-2-7,8:00,9:00
1238,4,2019-2-7,15:00,16:00
1239,6,2019-2-7,19:00,20:00
1240,3,2019-2-7,19:00,20:00
1241,3,2019-2-7,13:00,14:00
1242,3,2019-2-7,18:00,19:00
1243,5,2019-2-7,17:00,18:00
1244,9,2019-2-7,16:00,17:00
1245,4,2019-2-7,16:00,17:00
1246,4,2019-2-7,19:00,20:00
1247,3,2019-2-7,9:00,10:00
1248,1,2019-2-7,17:00,18:00
1249,2,2019-2-7,19:00,20:00
1250,6,2019-2-7,15:00,16:00
1251,9,2019-2-7,16:00,17:00
1252,7,2019-2-7,15:00,16:00
1253,8,2019-2-7,14:00,15:00
1254,8,2019-2-7,9:00,10:00
1255,5,2019-2-7,10:00,11:00
1256,4,2019-2-7,14:00,15:00
1257,6,2019-2-7,16:00,17:00
1258,8,2019-2-7,18:00,19:00
1259,5,2019-2-7,11:00,12:00
1260,3,2019-2-7,14:00,15:00
1261,5,2019-2-7,16:00,17:00
1262,7,2019-2-7,14:00,15:00
1263,5,2019-2-7,12:00,13:00
1264,9,2019-2-7,14:00,15:00
1265,8,2019-2-7,10:00,11:00
1266,7,2019-2-7,15:00,16:00
1267,3,2019-2-7,13:00,14:00
1268,6,2019-2-7,16:00,17:00
1269,9,2019-2-7,15:00,16:00
1270,7,2019-2-7,10:00,11:00
1271,2,2019-2-7,15:00,16:00
1272,4,2019-2-7,19:00,20:00
1273,8,2019-2-7,15:00,16:00
1274,8,2019-2-7,11:00,12:00
1275,9,2019-2-7,11:00,12:00
1276,4,2019-2-7,9:00,10:00
1277,1,2019-2-7,16:00,17:00
1278,7,2019-2-7,11:00,12:00
1279,1,2019-2-7,13:00,14:00
1280,7,2019-2-7,14:00,15:00
1281,3,2019-2-7,11:00,12:00
1282,6,2019-2-7,8:00,9:00
1283,1,2019-2-7,11:00,12:00
1284,9,2019-2-7,14:00,15:00
1285,8,2019-2-7,10:00,11:00
1286,9,2019-2-7,13:00,14:00
1287,8,2019-2-7,11:00,12:00
1288,3,2019-2-7,11:00,12:00
1289,6,2019-2-7,13:00,14:00
1290,1,2019-2-7,15:00,16:00
1291,3,2019-2-7,8:00,9:00
1292,5,2019-2-7,16:00,17:00
1293,2,2019-2-7,13:00,14:00
1294,7,2019-2-7,17:00,18:00
1295,4,2019-2-7,17:00,18:00
1296,1,2019-2-7,11:00,12:00
1297,3,2019-2-7,16:00,17:00
1298,5,2019-2-7,12:00,13:00
1299,8,2019-2-7,15:00,16:00
1300,5,2019-2-7,10:00,11:00
1301,8,2019-2-7,10:00,11:00
1302,4,2019-2-7,13:00,14:00
1303,4,2019-2-7,15:00,16:00
1304,7,2019-2-7,14:00,15:00
1305,8,2019-2-7,11:00,12:00
1306,3,2019-2-7,12:00,13:00
1307,4,2019-2-7,9:00,10:00
1308,5,2019-2-7,12:00,13:00
1309,3,2019-2-7,11:00,12:00
1310,9,2019-2-7,11:00,12:00
1311,4,2019-2-7,13:00,14:00
1312,3,2019-2-7,18:00,19:00
1313,1,2019-2-7,14:00,15:00
1314,9,2019-2-7,9:00,10:00
1315,7,2019-2-7,13:00,14:00
1316,8,2019-2-7,17:00,18:00
1317,4,2019-2-7,15:00,16:00
1318,9,2019-2-7,10:00,11:00
1319,2,2019-2-7,13:00,14:00
1320,6,2019-2-7,16:00,17:00
1321,5,2019-2-7,10:00,11:00
1322,1,2019-2-7,14:00,15:00
1323,4,2019-2-7,10:00,11:00
1324,7,2019-2-7,10:00,11:00
1325,4,2019-2-7,17:00,18:00
1326,1,2019-2-7,11:00,12:00
1327,9,2019-2-7,17:00,18:00
1328,6,2019-2-7,12:00,13:00
1329,4,2019-2-7,16:00,17:00
1330,3,2019-2-7,16:00,17:00
1331,7,2019-2-7,17:00,18:00
1332,7,2019-2-7,16:00,17:00
1333,1,2019-2-7,14:00,15:00
1334,2,2019-2-7,11:00,12:00
1335,1,2019-2-7,16:00,17:00
1336,4,2019-2-7,14:00,15:00
1337,6,2019-2-7,13:00,14:00
1338,1,2019-2-7,17:00,18:00
1339,5,2019-2-7,11:00,12:00
1340,6,2019-2-7,8:00,9:00
1341,8,2019-2-7,18:00,19:00
1342,6,2019-2-7,13:00,14:00
1343,8,2019-2-7,15:00,16:00
1344,5,2019-2-7,13:00,14:00
1345,8,2019-2-7,16:00,17:00
1346,6,2019-2-7,17:00,18:00
1347,6,2019-2-7,11:00,12:00
1348,6,2019-2-7,13:00,14:00
1349,5,2019-2-7,11:00,12:00
1350,6,2019-2-7,16:00,17:00
1351,2,2019-2-7,10:00,11:00
1352,5,2019-2-7,13:00,14:00
1353,8,2019-2-7,17:00,18:00
1354,1,2019-2-7,8:00,9:00
1355,5,2019-2-7,12:00,13:00
1356,9,2019-2-7,13:00,14:00
1357,9,2019-2-7,17:00,18:00
1358,2,2019-2-7,10:00,11:00
1359,8,2019-2-7,15:00,16:00
1360,3,2019-2-7,14:00,15:00
1361,1,2019-2-7,13:00,14:00
1362,7,2019-2-7,13:00,14:00
1363,5,2019-2-7,10:00,11:00
1364,8,2019-2-7,17:00,18:00
1365,8,2019-2-7,17:00,18:00
1366,4,2019-2-7,15:00,16:00
1367,6,2019-2-7,17:00,18:00
1368,4,2019-2-7,10:00,11:00
1369,9,2019-2-7,11:00,12:00
1370,7,2019-2-7,13:00,14:00
1371,1,2019-2-7,10:00,11:00
1372,3,2019-2-7,10:00,11:00
1373,5,2019-2-7,13:00,14:00
1374,4,2019-2-7,13:00,14:00
1375,1,2019-2-7,13:00,14:00
1376,4,2019-2-7,18:00,19:00
1377,2,2019-2-7,15:00,16:00
1378,3,2019-2-7,17:00,18:00
1379,6,2019-2-7,15:00,16:00
1380,4,2019-2-7,19:00,20:00
1381,5,2019-2-7,9:00,10:00
1382,1,2019-2-7,12:00,13:00
1383,2,2019-2-7,15:00,16:00
1384,2,2019-2-7,15:00,16:00
1385,7,2019-2-7,13:00,14:00
1386,1,2019-2-7,17:00,18:00
1387,1,2019-2-7,13:00,14:00
1388,4,2019-2-7,15:00,16:00
1389,7,2019-2-7,17:00,18:00
1390,3,2019-2-7,14:00,15:00
1391,4,2019-2-7,19:00,20:00
1392,5,2019-2-7,10:00,11:00
1393,5,2019-2-7,9:00,10:00
1394,5,2019-2-7,16:00,17:00
1395,6,2019-2-7,16:00,17:00
1396,4,2019-2-7,13:00,14:00
1397,9,2019-2-7,13:00,14:00
1398,2,2019-2-7,15:00,16:00
1399,5,2019-2-7,16:00,17:00
1400,6,2019-2-7,10:00,11:00
1401,6,2019-2-7,10:00,11:00
1402,9,2019-2-7,19:00,20:00
1403,5,2019-2-7,11:00,12:00
1404,7,2019-2-7,13:00,14:00
1405,5,2019-2-7,8:00,9:00
1406,1,2019-2-7,17:00,18:00
1407,3,2019-2-7,13:00,14:00
1408,1,2019-2-7,15:00,16:00
1409,5,2019-2-7,11:00,12:00
1410,7,2019-2-7,19:00,20:00
1411,1,2019-2-7,10:00,11:00
1412,9,2019-2-7,14:00,15:00
1413,4,2019-2-7,14:00,15:00
1414,3,2019-2-7,17:00,18:00
1415,5,2019-2-7,10:00,11:00
1416,4,2019-2-7,11:00,12:00
1417,8,2019-2-7,17:00,18:00
1418,8,2019-2-7,14:00,15:00
1419,7,2019-2-7,11:00,12:00
1420,1,2019-2-7,10:00,11:00
1421,5,2019-2-7,16:00,17:00
1422,6,2019-2-7,9:00,10:00
1423,2,2019-2-7,15:00,16:00
1424,7,2019-2-7,10:00,11:00
1425,5,2019-2-7,17:00,18:00
1426,4,2019-2-7,10:00,11:00
1427,9,2019-2-7,9:00,10:00
1428,1,2019-2-7,16:00,17:00
1429,7,2019-2-7,15:00,16:00
1430,6,2019-2-7,17:00,18:00
1431,1,2019-2-7,8:00,9:00
1432,9,2019-2-7,14:00,15:00
1433,7,2019-2-7,10:00,11:00
1434,1,2019-2-7,17:00,18:00
1435,5,2019-2-7,12:00,13:00
1436,5,2019-2-7,15:00,16:00
1437,5,2019-2-7,11:00,12:00
1438,5,2019-2-7,13:00,14:00
1439,9,2019-2-7,10:00,11:00
1440,9,2019-2-7,10:00,11:00
1441,8,2019-2-7,10:00,11:00
1442,6,2019-2-7,10:00,11:00
1443,1,2019-2-7,19:00,20:00
1444,8,2019-2-7,14:00,15:00
1445,2,2019-2-7,14:00,15:00
1446,9,2019-2-7,11:00,12:00
1447,8,2019-2-7,16:00,17:00
1448,4,2019-2-7,10:00,11:00
1449,9,2019-2-7,14:00,15:00
1450,7,2019-2-7,10:00,11:00
1451,9,2019-2-7,16:00,17:00
1452,4,2019-2-7,15:00,16:00
1453,2,2019-2-7,15:00,16:00
1454,3,2019-2-7,14:00,15:00
1455,5,2019-2-7,12:00,13:00
1456,5,2019-2-7,9:00,10:00
1457,9,2019-2-7,17:00,18:00
1458,2,2019-2-7,13:00,14:00
1459,8,2019-2-7,11:00,12:00
1460,6,2019-2-7,16:00,17:00
1461,1,2019-2-7,14:00,15:00
1462,8,2019-2-7,14:00,15:00
1463,3,2019-2-7,11:00,12:00
1464,6,2019-2-7,15:00,16:00
1465,5,2019-2-7,11:00,12:00
1466,8,2019-2-7,11:00,12:00
1467,2,2019-2-7,12:00,13:00
1468,6,2019-2-7,12:00,13:00
1469,6,2019-2-7,13:00,14:00
1470,1,2019-2-7,17:00,18:00
1471,5,2019-2-7,17:00,18:00
1472,1,2019-2-7,13:00,14:00
1473,8,2019-2-7,13:00,14:00
1474,3,2019-2-7,13:00,14:00
1475,7,2019-2-7,11:00,12:00
1476,1,2019-2-7,13:00,14:00
1477,8,2019-2-7,15:00,16:00
1478,5,2019-2-7,16:00,17:00
1479,2,2019-2-7,11:00,12:00
1480,6,2019-2-7,14:00,15:00
1481,4,2019-2-7,17:00,18:00
1482,1,2019-2-7,9:00,10:00
1483,8,2019-2-7,16:00,17:00
1484,4,2019-2-7,19:00,20:00
1485,8,2019-2-7,11:00,12:00
1486,6,2019-2-7,11:00,12:00
1487,4,2019-2-7,11:00,12:00
1488,1,2019-2-7,13:00,14:00
1489,5,2019-2-7,11:00,12:00
1490,2,2019-2-7,10:00,11:00
1491,4,2019-2-7,15:00,16:00
1492,4,2019-2-7,14:00,15:00
1493,6,2019-2-7,18:00,19:00
1494,7,2019-2-7,16:00,17:00
1495,6,2019-2-7,17:00,18:00
1496,4,2019-2-7,14:00,15:00
1497,9,2019-2-7,9:00,10:00
1498,7,2019-2-7,13:00,14:00
1499,6,2019-2-7,13:00,14:00
1500,1,2019-2-7,11:00,12:00
1501,4,2019-2-7,11:00,12:00
1502,5,2019-2-7,17:00,18:00
1503,3,2019-2-7,16:00,17:00
1504,8,2019-2-7,17:00,18:00
1505,7,2019-2-7,17:00,18:00
1506,8,2019-2-7,17:00,18:00
1507,5,2019-2-7,13:00,14:00
1508,2,2019-2-7,13:00,14:00
1509,4,2019-2-7,14:00,15:00
1510,6,2019-2-7,13:00,14:00
1511,5,2019-2-7,17:00,18:00
1512,5,2019-2-7,11:00,12:00
1513,2,2019-2-7,18:00,19:00
1514,5,2019-2-7,15:00,16:00
1515,6,2019-2-7,8:00,9:00
1516,3,2019-2-7,19:00,20:00
1517,2,2019-2-7,16:00,17:00
1518,2,2019-2-7,8:00,9:00
1519,5,2019-2-7,16:00,17:00
1520,4,2019-2-7,16:00,17:00
1521,8,2019-2-7,15:00,16:00
1522,7,2019-2-7,15:00,16:00
1523,7,2019-2-7,14:00,15:00
1524,4,2019-2-7,15:00,16:00
1525,7,2019-2-7,10:00,11:00
1526,3,2019-2-7,10:00,11:00
1527,4,2019-2-7,14:00,15:00
1528,7,2019-2-7,13:00,14:00
1529,2,2019-2-7,13:00,14:00
1530,6,2019-2-7,9:00,10:00
1531,7,2019-2-7,10:00,11:00
1532,2,2019-2-7,10:00,11:00
1533,9,2019-2-7,10:00,11:00
1534,5,2019-2-7,10:00,11:00
1535,6,2019-2-7,13:00,14:00
1536,7,2019-2-7,10:00,11:00
1537,4,2019-2-7,11:00,12:00
1538,9,2019-2-7,15:00,16:00
1539,1,2019-2-7,17:00,18:00
1540,2,2019-2-7,15:00,16:00
1541,1,2019-2-7,17:00,18:00
1542,1,2019-2-7,18:00,19:00
1543,4,2019-2-7,17:00,18:00
1544,1,2019-2-7,14:00,15:00
1545,8,2019-2-7,15:00,16:00
1546,9,2019-2-7,16:00,17:00
1547,7,2019-2-7,17:00,18:00
1548,6,2019-2-7,12:00,13:00
1549,4,2019-2-7,8:00,9:00
1550,8,2019-2-7,18:00,19:00
1551,6,2019-2-7,11:00,12:00
1552,1,2019-2-7,10:00,11:00
1553,3,2019-2-7,11:00,12:00
1554,9,2019-2-7,16:00,17:00
1555,7,2019-2-7,11:00,12:00
1556,2,2019-2-7,11:00,12:00
1557,7,2019-2-7,17:00,18:00
1558,5,2019-2-7,16:00,17:00
1559,7,2019-2-7,13:00,14:00
1560,6,2019-2-7,14:00,15:00
1561,1,2019-2-7,11:00,12:00
1562,8,2019-2-7,10:00,11:00
1563,6,2019-2-7,16:00,17:00
1564,4,2019-2-7,17:00,18:00
1565,1,2019-2-7,10:00,11:00
1566,1,2019-2-7,16:00,17:00
1567,7,2019-2-7,18:00,19:00
1568,3,2019-2-7,15:00,16:00
1569,6,2019-2-7,8:00,9:00
1570,5,2019-2-7,19:00,20:00
1571,8,2019-2-7,14:00,15:00
1572,1,2019-2-7,11:00,12:00
1573,7,2019-2-7,15:00,16:00
1574,8,2019-2-7,14:00,15:00
1575,1,2019-2-7,14:00,15:00
1576,2,2019-2-7,11:00,12:00
1577,8,2019-2-7,9:00,10:00
1578,7,2019-2-7,13:00,14:00
1579,1,2019-2-7,11:00,12:00
1580,1,2019-2-7,14:00,15:00
1581,8,2019-2-7,11:00,12:00
1582,2,2019-2-7,17:00,18:00
1583,9,2019-2-7,15:00,16:00
1584,6,2019-2-7,15:00,16:00
1585,8,2019-2-7,10:00,11:00
1586,6,2019-2-7,16:00,17:00
1587,9,2019-2-7,11:00,12:00
1588,6,2019-2-7,8:00,9:00
1589,9,2019-2-7,16:00,17:00
1590,8,2019-2-7,13:00,14:00
1591,7,2019-2-7,19:00,20:00
1592,4,2019-2-7,11:00,12:00
1593,9,2019-2-7,14:00,15:00
1594,7,2019-2-7,14:00,15:00
1595,3,2019-2-7,11:00,12:00
1596,2,2019-2-7,10:00,11:00
1597,8,2019-2-7,17:00,18:00
1598,7,2019-2-7,13:00,14:00
1599,7,2019-2-7,14:00,15:00
1600,9,2019-2-7,13:00,14:00
1601,3,2019-2-7,14:00,15:00
1602,8,2019-2-7,15:00,16:00
1603,5,2019-2-7,13:00,14:00
1604,4,2019-2-7,17:00,18:00
1605,1,2019-2-7,15:00,16:00
1606,8,2019-2-7,14:00,15:00
1607,4,2019-2-7,13:00,14:00
1608,6,2019-2-7,16:00,17:00
1609,3,2019-2-7,17:00,18:00
1610,6,2019-2-7,13:00,14:00
1611,5,2019-2-7,11:00,12:00
1612,5,2019-2-7,10:00,11:00
1613,3,2019-2-7,8:00,9:00
1614,8,2019-2-7,10:00,11:00
1615,8,2019-2-7,13:00,14:00
1616,3,2019-2-7,14:00,15:00
1617,6,2019-2-7,15:00,16:00
1618,4,2019-2-7,16:00,17:00
1619,5,2019-2-7,10:00,11:00
1620,5,2019-2-7,13:00,14:00
1621,2,2019-2-7,17:00,18:00
1622,6,2019-2-7,16:00,17:00
1623,1,2019-2-7,15:00,16:00
1624,1,2019-2-7,8:00,9:00
1625,5,2019-2-7,11:00,12:00
1626,9,2019-2-7,10:00,11:00
1627,1,2019-2-7,9:00,10:00
1628,6,2019-2-7,14:00,15:00
1629,2,2019-2-7,9:00,10:00
1630,1,2019-2-7,17:00,18:00
1631,1,2019-2-7,10:00,11:00
1632,9,2019-2-7,17:00,18:00
1633,8,2019-2-7,13:00,14:00
1634,8,2019-2-7,13:00,14:00
1635,3,2019-2-7,12:00,13:00
1636,8,2019-2-7,10:00,11:00
1637,4,2019-2-7,8:00,9:00
1638,6,2019-2-7,13:00,14:00
1639,9,2019-2-7,15:00,16:00
1640,6,2019-2-7,17:00,18:00
1641,3,2019-2-7,11:00,12:00
1642,4,2019-2-7,19:00,20:00
1643,4,2019-2-7,10:00,11:00
1644,4,2019-2-7,13:00,14:00
1645,8,2019-2-7,19:00,20:00
1646,8,2019-2-7,10:00,11:00
1647,4,2019-2-7,11:00,12:00
1648,5,2019-2-7,15:00,16:00
1649,6,2019-2-7,11:00,12:00
1650,4,2019-2-7,12:00,13:00
1651,2,2019-2-7,13:00,14:00
1652,5,2019-2-7,10:00,11:00
1653,8,2019-2-7,9:00,10:00
1654,4,2019-2-7,16:00,17:00
1655,4,2019-2-7,15:00,16:00
1656,7,2019-2-7,16:00,17:00
1657,5,2019-2-7,15:00,16:00
1658,1,2019-2-7,17:00,18:00
1659,4,2019-2-7,13:00,14:00
1660,1,2019-2-7,15:00,16:00
1661,9,2019-2-7,18:00,19:00
1662,4,2019-2-7,16:00,17:00
1663,2,2019-2-7,13:00,14:00
1664,6,2019-2-7,19:00,20:00
1665,2,2019-2-7,14:00,15:00
1666,4,2019-2-7,17:00,18:00
1667,3,2019-2-7,10:00,11:00
1668,4,2019-2-7,16:00,17:00
1669,7,2019-2-7,18:00,19:00
1670,7,2019-2-7,17:00,18:00
1671,8,2019-2-7,16:00,17:00
1672,8,2019-2-7,11:00,12:00
1673,3,2019-2-7,15:00,16:00
1674,2,2019-2-7,17:00,18:00
1675,5,2019-2-7,11:00,12:00
1676,8,2019-2-7,15:00,16:00
1677,2,2019-2-7,11:00,12:00
1678,7,2019-2-7,9:00,10:00
1679,1,2019-2-7,13:00,14:00
1680,8,2019-2-7,14:00,15:00
1681,1,2019-2-7,15:00,16:00
1682,9,2019-2-7,16:00,17:00
1683,6,2019-2-7,13:00,14:00
1684,4,2019-2-7,15:00,16:00
1685,6,2019-2-7,10:00,11:00
1686,9,2019-2-7,14:00,15:00
1687,2,2019-2-7,14:00,15:00
1688,2,2019-2-7,11:00,12:00
1689,2,2019-2-7,17:00,18:00
1690,4,2019-2-7,10:00,11:00
1691,5,2019-2-7,11:00,12:00
1692,9,2019-2-7,10:00,11:00
1693,7,2019-2-7,14:00,15:00
1694,7,2019-2-7,13:00,14:00
1695,4,2019-2-7,13:00,14:00
1696,1,2019-2-7,8:00,9:00
1697,6,2019-2-7,11:00,12:00
1698,8,2019-2-7,14:00,15:00
1699,1,2019-2-7,15:00,16:00
1700,2,2019-2-7,11:00,12:00
1701,1,2019-2-7,15:00,16:00
1702,7,2019-2-7,11:00,12:00
1703,4,2019-2-7,19:00,20:00
1704,4,2019-2-7,15:00,16:00
1705,1,2019-2-7,18:00,19:00
1706,9,2019-2-7,16:00,17:00
1707,6,2019-2-7,16:00,17:00
1708,2,2019-2-7,11:00,12:00
1709,9,2019-2-7,10:00,11:00
1710,1,2019-2-7,11:00,12:00
1711,1,2019-2-7,16:00,17:00
1712,7,2019-2-7,10:00,11:00
1713,8,2019-2-7,17:00,18:00
1714,5,2019-2-7,17:00,18:00
1715,1,2019-2-7,18:00,19:00
1716,2,2019-2-7,17:00,18:00
1717,2,2019-2-7,8:00,9:00
1718,4,2019-2-7,13:00,14:00
1719,3,2019-2-7,8:00,9:00
1720,1,2019-2-7,13:00,14:00
1721,3,2019-2-7,19:00,20:00
1722,9,2019-2-7,10:00,11:00
1723,7,2019-2-7,17:00,18:00
1724,3,2019-2-7,11:00,12:00
1725,4,2019-2-7,11:00,12:00
1726,4,2019-2-7,11:00,12:00
1727,6,2019-2-7,17:00,18:00
1728,4,2019-2-7,16:00,17:00
1729,7,2019-2-7,14:00,15:00
1730,5,2019-2-7,12:00,13:00
1731,3,2019-2-7,10:00,11:00
1732,3,2019-2-7,15:00,16:00
1733,5,2019-2-7,15:00,16:00
1734,1,2019-2-7,10:00,11:00
1735,3,2019-2-7,16:00,17:00
1736,3,2019-2-7,16:00,17:00
1737,8,2019-2-7,14:00,15:00
1738,5,2019-2-7,15:00,16:00
1739,4,2019-2-7,10:00,11:00
1740,7,2019-2-7,16:00,17:00
1741,5,2019-2-7,16:00,17:00
1742,2,2019-2-7,12:00,13:00
1743,7,2019-2-7,11:00,12:00
1744,8,2019-2-7,17:00,18:00
1745,5,2019-2-7,8:00,9:00
1746,9,2019-2-7,15:00,16:00
1747,8,2019-2-7,10:00,11:00
1748,6,2019-2-7,17:00,18:00
1749,7,2019-2-7,13:00,14:00
1750,1,2019-2-7,15:00,16:00
1751,2,2019-2-7,14:00,15:00
1752,3,2019-2-7,10:00,11:00
1753,2,2019-2-7,16:00,17:00
1754,5,2019-2-7,14:00,15:00
1755,7,2019-2-7,9:00,10:00
1756,7,2019-2-7,10:00,11:00
1757,4,2019-2-7,15:00,16:00
1758,8,2019-2-7,16:00,17:00
1759,5,2019-2-7,14:00,15:00
1760,7,2019-2-7,15:00,16:00
1761,6,2019-2-7,13:00,14:00
1762,7,2019-2-7,10:00,11:00
1763,9,2019-2-7,15:00,16:00
1764,6,2019-2-7,15:00,16:00
1765,4,2019-2-7,12:00,13:00
1766,6,2019-2-7,11:00,12:00
1767,6,2019-2-7,14:00,15:00
1768,1,2019-2-7,11:00,12:00
1769,5,2019-2-7,17:00,18:00
1770,3,2019-2-7,11:00,12:00
1771,9,2019-2-7,16:00,17:00
1772,2,2019-2-7,15:00,16:00
1773,2,2019-2-7,17:00,18:00
1774,1,2019-2-7,17:00,18:00
1775,2,2019-2-7,10:00,11:00
1776,6,2019-2-7,15:00,16:00
1777,4,2019-2-7,10:00,11:00
1778,7,2019-2-7,13:00,14:00
1779,5,2019-2-7,11:00,12:00
1780,3,2019-2-7,17:00,18:00
1781,9,2019-2-7,10:00,11:00
1782,2,2019-2-7,10:00,11:00
1783,6,2019-2-7,13:00,14:00
1784,4,2019-2-7,17:00,18:00
1785,8,2019-2-7,10:00,11:00
1786,4,2019-2-7,12:00,13:00
1787,8,2019-2-7,15:00,16:00
1788,1,2019-2-7,10:00,11:00
1789,1,2019-2-7,10:00,11:00
1790,1,2019-2-7,16:00,17:00
1791,7,2019-2-7,16:00,17:00
1792,3,2019-2-7,13:00,14:00
1793,3,2019-2-7,15:00,16:00
1794,2,2019-2-7,14:00,15:00
1795,4,2019-2-7,16:00,17:00
1796,9,2019-2-7,11:00,12:00
1797,4,2019-2-7,11:00,12:00
1798,3,2019-2-7,11:00,12:00
1799,5,2019-2-7,11:00,12:00
1800,1,2019-2-7,13:00,14:00
1801,5,2019-2-7,10:00,11:00
1802,5,2019-2-7,16:00,17:00
1803,5,2019-2-7,17:00,18:00
1804,8,2019-2-7,11:00,12:00
1805,8,2019-2-7,16:00,17:00
1806,5,2019-2-7,13:00,14:00
1807,5,2019-2-7,14:00,15:00
1808,2,2019-2-7,11:00,12:00
1809,3,2019-2-7,9:00,10:00
1810,4,2019-2-7,15:00,16:00
1811,2,2019-2-7,10:00,11:00
1812,9,2019-2-7,16:00,17:00
1813,3,2019-2-7,11:00,12:00
1814,6,2019-2-7,17:00,18:00
1815,3,2019-2-7,15:00,16:00
1816,7,2019-2-7,14:00,15:00
1817,7,2019-2-7,15:00,16:00
1818,5,2019-2-7,10:00,11:00
1819,2,2019-2-7,13:00,14:00
1820,6,2019-2-7,9:00,10:00
1821,4,2019-2-7,18:00,19:00
1822,5,2019-2-7,16:00,17:00
1823,6,2019-2-7,17:00,18:00
1824,1,2019-2-7,14:00,15:00
1825,6,2019-2-7,8:00,9:00
1826,7,2019-2-7,13:00,14:00
1827,4,2019-2-7,16:00,17:00
1828,6,2019-2-7,15:00,16:00
1829,2,2019-2-7,11:00,12:00
1830,8,2019-2-7,10:00,11:00
1831,9,2019-2-7,14:00,15:00
1832,7,2019-2-7,16:00,17:00
1833,3,2019-2-7,10:00,11:00
1834,7,2019-2-7,10:00,11:00
1835,4,2019-2-7,9:00,10:00
1836,1,2019-2-7,17:00,18:00
1837,5,2019-2-7,14:00,15:00
1838,6,2019-2-7,9:00,10:00
1839,1,2019-2-7,15:00,16:00
1840,6,2019-2-7,13:00,14:00
1841,3,2019-2-7,14:00,15:00
1842,5,2019-2-7,17:00,18:00
1843,8,2019-2-7,13:00,14:00
1844,5,2019-2-7,14:00,15:00
1845,2,2019-2-7,17:00,18:00
1846,7,2019-2-7,10:00,11:00
1847,2,2019-2-7,17:00,18:00
1848,7,2019-2-7,19:00,20:00
1849,5,2019-2-7,10:00,11:00
1850,1,2019-2-7,13:00,14:00
1851,1,2019-2-7,11:00,12:00
1852,5,2019-2-7,14:00,15:00
1853,1,2019-2-7,15:00,16:00
1854,3,2019-2-7,13:00,14:00
1855,6,2019-2-7,9:00,10:00
1856,7,2019-2-7,13:00,14:00
1857,8,2019-2-7,17:00,18:00
1858,5,2019-2-7,16:00,17:00
1859,6,2019-2-7,17:00,18:00
1860,9,2019-2-7,16:00,17:00
1861,7,2019-2-7,14:00,15:00
1862,5,2019-2-7,14:00,15:00
1863,9,2019-2-7,18:00,19:00
1864,9,2019-2-7,12:00,13:00
1865,9,2019-2-7,11:00,12:00
1866,1,2019-2-7,16:00,17:00
1867,9,2019-2-7,14:00,15:00
1868,2,2019-2-7,10:00,11:00
1869,4,2019-2-7,17:00,18:00
1870,2,2019-2-7,11:00,12:00
1871,5,2019-2-7,15:00,16:00
1872,3,2019-2-7,16:00,17:00
1873,8,2019-2-7,13:00,14:00
1874,9,2019-2-7,13:00,14:00
1875,3,2019-2-7,10:00,11:00
1876,9,2019-2-7,10:00,11:00
1877,6,2019-2-7,16:00,17:00
1878,9,2019-2-7,15:00,16:00
1879,8,2019-2-7,19:00,20:00
1880,1,2019-2-7,10:00,11:00
1881,9,2019-2-7,16:00,17:00
1882,1,2019-2-7,11:00,12:00
1883,2,2019-2-7,10:00,11:00
1884,8,2019-2-7,10:00,11:00
1885,4,2019-2-7,14:00,15:00
1886,8,2019-2-7,16:00,17:00
1887,4,2019-2-7,10:00,11:00
1888,9,2019-2-7,10:00,11:00
1889,7,2019-2-7,14:00,15:00
1890,7,2019-2-7,14:00,15:00
1891,4,2019-2-7,15:00,16:00
1892,1,2019-2-7,18:00,19:00
1893,1,2019-2-7,12:00,13:00
1894,1,2019-2-7,13:00,14:00
1895,5,2019-2-7,16:00,17:00
1896,5,2019-2-7,15:00,16:00
1897,6,2019-2-7,14:00,15:00
1898,9,2019-2-7,15:00,16:00
1899,5,2019-2-7,15:00,16:00
1900,3,2019-2-7,11:00,12:00
1901,5,2019-2-7,10:00,11:00
1902,8,2019-2-7,16:00,17:00
1903,5,2019-2-7,17:00,18:00
1904,9,2019-2-7,10:00,11:00
1905,1,2019-2-7,19:00,20:00
1906,1,2019-2-7,10:00,11:00
1907,7,2019-2-7,16:00,17:00
1908,8,2019-2-7,17:00,18:00
1909,8,2019-2-7,10:00,11:00
1910,9,2019-2-7,14:00,15:00
1911,2,2019-2-7,14:00,15:00
1912,5,2019-2-7,16:00,17:00
1913,1,2019-2-7,17:00,18:00
1914,3,2019-2-7,10:00,11:00
1915,8,2019-2-7,15:00,16:00
1916,7,2019-2-7,15:00,16:00
1917,1,2019-2-7,10:00,11:00
1918,6,2019-2-7,9:00,10:00
1919,8,2019-2-7,17:00,18:00
1920,9,2019-2-7,16:00,17:00
1921,3,2019-2-7,17:00,18:00
1922,2,2019-2-7,17:00,18:00
1923,3,2019-2-7,14:00,15:00
1924,8,2019-2-7,16:00,17:00
1925,1,2019-2-7,15:00,16:00
1926,2,2019-2-7,16:00,17:00
1927,1,2019-2-7,13:00,14:00
1928,9,2019-2-7,11:00,12:00
1929,6,2019-2-7,14:00,15:00
1930,2,2019-2-7,15:00,16:00
1931,1,2019-2-7,10:00,11:00
1932,1,2019-2-7,15:00,16:00
1933,3,2019-2-7,19:00,20:00
1934,1,2019-2-7,14:00,15:00
1935,5,2019-2-7,13:00,14:00
1936,1,2019-2-7,11:00,12:00
1937,3,2019-2-7,15:00,16:00
1938,6,2019-2-7,10:00,11:00
1939,8,2019-2-7,13:00,14:00
1940,9,2019-2-7,15:00,16:00
1941,3,2019-2-7,17:00,18:00
1942,1,2019-2-7,14:00,15:00
1943,4,2019-2-7,17:00,18:00
1944,8,2019-2-7,11:00,12:00
1945,7,2019-2-7,11:00,12:00
1946,8,2019-2-7,10:00,11:00
1947,6,2019-2-7,17:00,18:00
1948,7,2019-2-7,17:00,18:00
1949,8,2019-2-7,19:00,20:00
1950,2,2019-2-7,14:00,15:00
1951,3,2019-2-7,18:00,19:00
1952,5,2019-2-7,16:00,17:00
1953,9,2019-2-7,16:00,17:00
1954,1,2019-2-7,13:00,14:00
1955,8,2019-2-7,14:00,15:00
1956,3,2019-2-7,13:00,14:00
1957,8,2019-2-7,16:00,17:00
1958,8,2019-2-7,16:00,17:00
1959,1,2019-2-7,16:00,17:00
1960,1,2019-2-7,17:00,18:00
1961,5,2019-2-7,17:00,18:00
1962,4,2019-2-7,17:00,18:00
1963,7,2019-2-7,14:00,15:00
1964,2,2019-2-7,19:00,20:00
1965,1,2019-2-7,11:00,12:00
1966,2,2019-2-7,17:00,18:00
1967,4,2019-2-7,13:00,14:00
1968,5,2019-2-7,13:00,14:00
1969,5,2019-2-7,18:00,19:00
1970,6,2019-2-7,14:00,15:00
1971,7,2019-2-7,11:00,12:00
1972,6,2019-2-7,13:00,14:00
1973,6,2019-2-7,11:00,12:00
1974,2,2019-2-7,14:00,15:00
1975,9,2019-2-7,19:00,20:00
1976,2,2019-2-7,16:00,17:00
1977,9,2019-2-7,12:00,13:00
1978,9,2019-2-7,10:00,11:00
1979,5,2019-2-7,14:00,15:00
1980,6,2019-2-7,16:00,17:00
1981,5,2019-2-7,17:00,18:00
1982,4,2019-2-7,10:00,11:00
1983,1,2019-2-7,12:00,13:00
1984,4,2019-2-7,9:00,10:00
1985,1,2019-2-7,13:00,14:00
1986,5,2019-2-7,10:00,11:00
1987,1,2019-2-7,15:00,16:00
1988,5,2019-2-7,15:00,16:00
1989,1,2019-2-7,13:00,14:00
1990,1,2019-2-7,16:00,17:00
1991,9,2019-2-7,14:00,15:00
1992,1,2019-2-7,9:00,10:00
1993,6,2019-2-7,15:00,16:00
1994,9,2019-2-7,8:00,9:00
1995,8,2019-2-7,17:00,18:00
1996,9,2019-2-7,10:00,11:00
1997,4,2019-2-7,10:00,11:00
1998,1,2019-2-7,16:00,17:00
1999,8,2019-2-7,9:00,10:00
2000,5,2019-2-7,8:00,9:00
2001,4,2019-2-7,13:00,14:00
2002,8,2019-2-7,10:00,11:00
2003,2,2019-2-7,14:00,15:00
2004,1,2019-2-7,15:00,16:00
2005,3,2019-2-7,11:00,12:00
2006,7,2019-2-7,10:00,11:00
2007,1,2019-2-7,16:00,17:00
2008,1,2019-2-7,10:00,11:00
2009,1,2019-2-7,18:00,19:00
2010,9,2019-2-7,11:00,12:00
2011,3,2019-2-7,17:00,18:00
2012,5,2019-2-7,17:00,18:00
2013,4,2019-2-7,17:00,18:00
2014,7,2019-2-7,19:00,20:00
2015,4,2019-2-7,11:00,12:00
2016,1,2019-2-7,17:00,18:00
2017,4,2019-2-7,12:00,13:00
2018,6,2019-2-7,15:00,16:00
2019,5,2019-2-7,10:00,11:00
2020,6,2019-2-7,15:00,16:00
2021,8,2019-2-7,13:00,14:00
2022,2,2019-2-7,17:00,18:00
2023,6,2019-2-7,10:00,11:00
2024,1,2019-2-7,17:00,18:00
2025,3,2019-2-7,11:00,12:00
2026,7,2019-2-7,12:00,13:00
2027,6,2019-2-7,14:00,15:00
2028,1,2019-2-7,13:00,14:00
2029,2,2019-2-7,13:00,14:00
2030,8,2019-2-7,8:00,9:00
2031,8,2019-2-7,13:00,14:00
2032,4,2019-2-7,17:00,18:00
2033,6,2019-2-7,8:00,9:00
2034,7,2019-2-7,9:00,10:00
2035,4,2019-2-7,14:00,15:00
2036,9,2019-2-7,15:00,16:00
2037,1,2019-2-7,15:00,16:00
2038,5,2019-2-7,17:00,18:00
2039,9,2019-2-7,17:00,18:00
2040,8,2019-2-7,14:00,15:00
2041,8,2019-2-7,11:00,12:00
2042,6,2019-2-7,16:00,17:00
2043,3,2019-2-7,19:00,20:00
2044,2,2019-2-7,14:00,15:00
2045,1,2019-2-7,11:00,12:00
2046,9,2019-2-7,11:00,12:00
2047,1,2019-2-7,17:00,18:00
2048,2,2019-2-7,15:00,16:00
2049,9,2019-2-7,10:00,11:00
2050,8,2019-2-7,11:00,12:00
2051,9,2019-2-7,15:00,16:00
2052,6,2019-2-7,17:00,18:00
2053,9,2019-2-7,19:00,20:00
2054,9,2019-2-7,14:00,15:00
2055,1,2019-2-7,15:00,16:00
2056,1,2019-2-7,16:00,17:00
2057,6,2019-2-7,15:00,16:00
2058,6,2019-2-7,13:00,14:00
2059,7,2019-2-7,14:00,15:00
2060,7,2019-2-7,10:00,11:00
2061,9,2019-2-7,10:00,11:00
2062,5,2019-2-7,17:00,18:00
2063,1,2019-2-7,13:00,14:00
2064,9,2019-2-7,15:00,16:00
2065,4,2019-2-7,9:00,10:00
2066,6,2019-2-7,13:00,14:00
2067,3,2019-2-7,9:00,10:00
2068,2,2019-2-7,17:00,18:00
2069,7,2019-2-7,11:00,12:00
2070,7,2019-2-7,11:00,12:00
2071,1,2019-2-7,11:00,12:00
2072,5,2019-2-7,18:00,19:00
2073,5,2019-2-7,19:00,20:00
2074,1,2019-2-7,15:00,16:00
2075,5,2019-2-7,16:00,17:00
2076,5,2019-2-7,11:00,12:00
2077,2,2019-2-7,16:00,17:00
2078,8,2019-2-7,15:00,16:00
2079,8,2019-2-7,10:00,11:00
2080,2,2019-2-7,11:00,12:00
2081,2,2019-2-7,16:00,17:00
2082,1,2019-2-7,11:00,12:00
2083,8,2019-2-7,11:00,12:00
2084,6,2019-2-7,17:00,18:00
2085,8,2019-2-7,10:00,11:00
2086,7,2019-2-7,17:00,18:00
2087,2,2019-2-7,15:00,16:00
2088,5,2019-2-7,18:00,19:00
2089,4,2019-2-7,14:00,15:00
2090,2,2019-2-7,10:00,11:00
2091,1,2019-2-7,12:00,13:00
2092,4,2019-2-7,18:00,19:00
2093,9,2019-2-7,16:00,17:00
2094,6,2019-2-7,8:00,9:00
2095,4,2019-2-7,13:00,14:00
2096,4,2019-2-7,14:00,15:00
2097,6,2019-2-7,11:00,12:00
2098,2,2019-2-7,11:00,12:00
2099,7,2019-2-7,14:00,15:00
2100,7,2019-2-7,10:00,11:00
2101,5,2019-2-7,16:00,17:00
2102,9,2019-2-7,11:00,12:00
2103,5,2019-2-7,14:00,15:00
2104,1,2019-2-7,10:00,11:00
2105,9,2019-2-7,10:00,11:00
2106,4,2019-2-7,10:00,11:00
2107,2,2019-2-7,18:00,19:00
2108,4,2019-2-7,11:00,12:00
2109,2,2019-2-7,13:00,14:00
2110,6,2019-2-7,10:00,11:00
2111,1,2019-2-7,11:00,12:00
2112,1,2019-2-7,10:00,11:00
2113,2,2019-2-7,16:00,17:00
2114,6,2019-2-7,11:00,12:00
2115,5,2019-2-7,17:00,18:00
2116,8,2019-2-7,14:00,15:00
2117,5,2019-2-7,17:00,18:00
2118,7,2019-2-7,16:00,17:00
2119,8,2019-2-7,13:00,14:00
2120,6,2019-2-7,19:00,20:00
2121,7,2019-2-7,15:00,16:00
2122,6,2019-2-7,14:00,15:00
2123,9,2019-2-7,10:00,11:00
2124,5,2019-2-7,8:00,9:00
2125,6,2019-2-7,12:00,13:00
2126,2,2019-2-7,8:00,9:00
2127,1,2019-2-7,16:00,17:00
2128,2,2019-2-7,12:00,13:00
2129,3,2019-2-7,16:00,17:00
2130,4,2019-2-7,15:00,16:00
2131,1,2019-2-7,17:00,18:00
2132,5,2019-2-7,11:00,12:00
2133,4,2019-2-7,13:00,14:00
2134,4,2019-2-7,10:00,11:00
2135,9,2019-2-7,15:00,16:00
2136,3,2019-2-7,12:00,13:00
2137,4,2019-2-7,14:00,15:00
2138,2,2019-2-7,19:00,20:00
2139,3,2019-2-7,15:00,16:00
2140,7,2019-2-7,14:00,15:00
2141,9,2019-2-7,10:00,11:00
2142,3,2019-2-7,11:00,12:00
2143,5,2019-2-7,17:00,18:00
2144,7,2019-2-7,13:00,14:00
2145,3,2019-2-7,16:00,17:00
2146,3,2019-2-7,15:00,16:00
2147,6,2019-2-7,8:00,9:00
2148,3,2019-2-7,9:00,10:00
2149,4,2019-2-7,16:00,17:00
2150,6,2019-2-7,10:00,11:00
2151,2,2019-2-7,11:00,12:00
2152,2,2019-2-7,15:00,16:00
2153,2,2019-2-7,17:00,18:00
2154,1,2019-2-7,14:00,15:00
2155,9,2019-2-7,13:00,14:00
2156,1,2019-2-7,15:00,16:00
2157,4,2019-2-7,8:00,9:00
2158,2,2019-2-7,16:00,17:00
2159,7,2019-2-7,11:00,12:00
2160,8,2019-2-7,19:00,20:00
2161,7,2019-2-7,12:00,13:00
2162,7,2019-2-7,10:00,11:00
2163,2,2019-2-7,10:00,11:00
2164,8,2019-2-7,8:00,9:00
2165,4,2019-2-7,15:00,16:00
2166,5,2019-2-7,14:00,15:00
2167,9,2019-2-7,12:00,13:00
2168,9,2019-2-7,10:00,11:00
2169,2,2019-2-7,16:00,17:00
2170,4,2019-2-7,12:00,13:00
2171,9,2019-2-7,11:00,12:00
2172,9,2019-2-7,15:00,16:00
2173,1,2019-2-7,13:00,14:00
2174,7,2019-2-7,17:00,18:00
2175,2,2019-2-7,15:00,16:00
2176,2,2019-2-7,13:00,14:00
2177,7,2019-2-7,15:00,16:00
2178,5,2019-2-7,15:00,16:00
2179,7,2019-2-7,17:00,18:00
2180,6,2019-2-7,10:00,11:00
2181,9,2019-2-7,13:00,14:00
2182,1,2019-2-7,17:00,18:00
2183,5,2019-2-7,13:00,14:00
2184,4,2019-2-7,14:00,15:00
2185,9,2019-2-7,15:00,16:00
2186,5,2019-2-7,15:00,16:00
2187,7,2019-2-7,10:00,11:00
2188,4,2019-2-7,14:00,15:00
2189,8,2019-2-7,14:00,15:00
2190,1,2019-2-7,15:00,16:00
2191,2,2019-2-7,14:00,15:00
2192,4,2019-2-7,16:00,17:00
2193,5,2019-2-7,17:00,18:00
2194,1,2019-2-7,10:00,11:00
2195,7,2019-2-7,13:00,14:00
2196,4,2019-2-7,17:00,18:00
2197,9,2019-2-7,14:00,15:00
2198,9,2019-2-7,11:00,12:00
2199,3,2019-2-7,13:00,14:00
2200,6,2019-2-7,10:00,11:00
2201,5,2019-2-7,14:00,15:00
2202,5,2019-2-7,10:00,11:00
2203,6,2019-2-7,14:00,15:00
2204,7,2019-2-7,14:00,15:00
2205,5,2019-2-7,17:00,18:00
2206,9,2019-2-7,10:00,11:00
2207,6,2019-2-7,16:00,17:00
2208,9,2019-2-7,16:00,17:00
2209,4,2019-2-7,16:00,17:00
2210,1,2019-2-7,8:00,9:00
2211,3,2019-2-7,14:00,15:00
2212,6,2019-2-7,13:00,14:00
2213,5,2019-2-7,17:00,18:00
2214,3,2019-2-7,10:00,11:00
2215,2,2019-2-7,14:00,15:00
2216,8,2019-2-7,14:00,15:00
2217,1,2019-2-7,14:00,15:00
2218,1,2019-2-7,12:00,13:00
2219,5,2019-2-7,9:00,10:00
2220,8,2019-2-7,16:00,17:00
2221,8,2019-2-7,8:00,9:00
2222,3,2019-2-7,11:00,12:00
2223,6,2019-2-7,17:00,18:00
2224,3,2019-2-7,13:00,14:00
2225,9,2019-2-7,9:00,10:00
2226,8,2019-2-7,18:00,19:00
2227,2,2019-2-7,10:00,11:00
2228,7,2019-2-7,13:00,14:00
2229,2,2019-2-7,15:00,16:00
2230,1,2019-2-7,17:00,18:00
2231,9,2019-2-7,13:00,14:00
2232,7,2019-2-7,11:00,12:00
2233,6,2019-2-7,16:00,17:00
2234,1,2019-2-7,13:00,14:00
2235,1,2019-2-7,15:00,16:00
2236,3,2019-2-7,15:00,16:00
2237,5,2019-2-7,16:00,17:00
2238,2,2019-2-7,15:00,16:00
2239,7,2019-2-7,13:00,14:00
2240,2,2019-2-7,13:00,14:00
2241,5,2019-2-7,13:00,14:00
2242,8,2019-2-7,17:00,18:00
2243,8,2019-2-7,17:00,18:00
2244,7,2019-2-7,13:00,14:00
2245,3,2019-2-7,16:00,17:00
2246,9,2019-2-7,10:00,11:00
2247,4,2019-2-7,14:00,15:00
2248,1,2019-2-7,18:00,19:00
2249,9,2019-2-7,18:00,19:00
2250,5,2019-2-7,16:00,17:00
2251,4,2019-2-7,10:00,11:00
2252,3,2019-2-7,10:00,11:00
2253,3,2019-2-7,11:00,12:00
2254,5,2019-2-7,10:00,11:00
2255,9,2019-2-7,16:00,17:00
2256,5,2019-2-7,16:00,17:00
2257,8,2019-2-7,11:00,12:00
2258,1,2019-2-7,17:00,18:00
2259,6,2019-2-7,13:00,14:00
2260,6,2019-2-7,13:00,14:00
2261,7,2019-2-7,16:00,17:00
2262,7,2019-2-7,14:00,15:00
2263,1,2019-2-7,16:00,17:00
2264,8,2019-2-7,11:00,12:00
2265,6,2019-2-7,16:00,17:00
2266,1,2019-2-7,11:00,12:00
2267,2,2019-2-7,11:00,12:00
2268,1,2019-2-7,10:00,11:00
2269,6,2019-2-7,10:00,11:00
2270,2,2019-2-7,17:00,18:00
2271,6,2019-2-7,9:00,10:00
2272,7,2019-2-7,18:00,19:00
2273,4,2019-2-7,14:00,15:00
2274,9,2019-2-7,8:00,9:00
2275,6,2019-2-7,15:00,16:00
2276,7,2019-2-7,18:00,19:00
2277,5,2019-2-7,11:00,12:00
2278,9,2019-2-7,10:00,11:00
2279,7,2019-2-7,15:00,16:00
2280,4,2019-2-7,14:00,15:00
2281,2,2019-2-7,16:00,17:00
2282,2,2019-2-7,19:00,20:00
2283,7,2019-2-7,10:00,11:00
2284,7,2019-2-7,14:00,15:00
2285,6,2019-2-7,10:00,11:00
2286,6,2019-2-7,17:00,18:00
2287,1,2019-2-7,16:00,17:00
2288,3,2019-2-7,17:00,18:00
2289,5,2019-2-7,10:00,11:00
2290,6,2019-2-7,12:00,13:00
2291,4,2019-2-7,16:00,17:00
2292,7,2019-2-7,16:00,17:00
2293,5,2019-2-7,15:00,16:00
2294,6,2019-2-7,16:00,17:00
2295,7,2019-2-7,16:00,17:00
2296,9,2019-2-7,15:00,16:00
2297,3,2019-2-7,11:00,12:00
2298,2,2019-2-7,14:00,15:00
2299,2,2019-2-7,17:00,18:00
2300,8,2019-2-7,11:00,12:00
2301,9,2019-2-7,14:00,15:00
2302,2,2019-2-7,10:00,11:00
2303,1,2019-2-7,11:00,12:00
2304,4,2019-2-7,8:00,9:00
2305,9,2019-2-7,16:00,17:00
2306,1,2019-2-7,10:00,11:00
2307,7,2019-2-7,11:00,12:00
2308,4,2019-2-7,12:00,13:00
2309,5,2019-2-7,16:00,17:00
2310,3,2019-2-7,16:00,17:00
2311,6,2019-2-7,13:00,14:00
2312,8,2019-2-7,8:00,9:00
2313,8,2019-2-7,11:00,12:00
2314,8,2019-2-7,17:00,18:00
2315,3,2019-2-7,17:00,18:00
2316,8,2019-2-7,8:00,9:00
2317,2,2019-2-7,19:00,20:00
2318,7,2019-2-7,13:00,14:00
2319,1,2019-2-7,14:00,15:00
2320,4,2019-2-7,16:00,17:00
2321,5,2019-2-7,17:00,18:00
2322,3,2019-2-7,10:00,11:00
2323,1,2019-2-7,16:00,17:00
2324,2,2019-2-7,13:00,14:00
2325,6,2019-2-7,17:00,18:00
2326,2,2019-2-7,9:00,10:00
2327,5,2019-2-7,10:00,11:00
2328,8,2019-2-7,13:00,14:00
2329,2,2019-2-7,15:00,16:00
2330,4,2019-2-7,13:00,14:00
2331,5,2019-2-7,11:00,12:00
2332,2,2019-2-7,15:00,16:00
2333,8,2019-2-7,13:00,14:00
2334,9,2019-2-7,16:00,17:00
2335,9,2019-2-7,16:00,17:00
2336,5,2019-2-7,11:00,12:00
2337,2,2019-2-7,17:00,18:00
2338,6,2019-2-7,8:00,9:00
2339,6,2019-2-7,10:00,11:00
2340,8,2019-2-7,9:00,10:00
2341,9,2019-2-7,10:00,11:00
2342,2,2019-2-7,11:00,12:00
2343,2,2019-2-7,15:00,16:00
2344,4,2019-2-7,17:00,18:00
2345,1,2019-2-7,19:00,20:00
2346,4,2019-2-7,11:00,12:00
2347,1,2019-2-7,15:00,16:00
2348,6,2019-2-7,10:00,11:00
2349,4,2019-2-7,13:00,14:00
2350,3,2019-2-7,9:00,10:00
2351,6,2019-2-7,19:00,20:00
2352,2,2019-2-7,17:00,18:00
2353,2,2019-2-7,10:00,11:00
2354,3,2019-2-7,15:00,16:00
2355,9,2019-2-7,18:00,19:00
2356,4,2019-2-7,11:00,12:00
2357,8,2019-2-7,18:00,19:00
2358,7,2019-2-7,17:00,18:00
2359,4,2019-2-7,14:00,15:00
2360,8,2019-2-7,10:00,11:00
2361,8,2019-2-7,14:00,15:00
2362,3,2019-2-7,14:00,15:00
2363,6,2019-2-7,14:00,15:00
2364,4,2019-2-7,16:00,17:00
2365,2,2019-2-7,14:00,15:00
2366,2,2019-2-7,15:00,16:00
2367,2,2019-2-7,15:00,16:00
2368,9,2019-2-7,16:00,17:00
2369,1,2019-2-7,10:00,11:00
2370,9,2019-2-7,11:00,12:00
2371,8,2019-2-7,15:00,16:00
2372,6,2019-2-7,8:00,9:00
2373,7,2019-2-7,16:00,17:00
2374,8,2019-2-7,10:00,11:00
2375,6,2019-2-7,13:00,14:00
2376,7,2019-2-7,16:00,17:00
2377,7,2019-2-7,16:00,17:00
2378,2,2019-2-7,15:00,16:00
2379,9,2019-2-7,13:00,14:00
2380,6,2019-2-7,11:00,12:00
2381,1,2019-2-7,14:00,15:00
2382,7,2019-2-7,15:00,16:00
2383,1,2019-2-7,16:00,17:00
2384,6,2019-2-7,16:00,17:00
2385,6,2019-2-7,16:00,17:00
2386,9,2019-2-7,17:00,18:00
2387,1,2019-2-7,16:00,17:00
2388,2,2019-2-7,9:00,10:00
2389,5,2019-2-7,8:00,9:00
2390,4,2019-2-7,15:00,16:00
2391,7,2019-2-7,15:00,16:00
2392,7,2019-2-7,11:00,12:00
2393,3,2019-2-7,16:00,17:00
2394,3,2019-2-7,13:00,14:00
2395,7,2019-2-7,14:00,15:00
2396,1,2019-2-7,19:00,20:00
2397,9,2019-2-7,11:00,12:00
2398,1,2019-2-7,10:00,11:00
2399,5,2019-2-7,12:00,13:00
2400,2,2019-2-7,10:00,11:00
2401,5,2019-2-7,11:00,12:00
2402,9,2019-2-7,13:00,14:00
2403,8,2019-2-7,14:00,15:00
2404,3,2019-2-7,18:00,19:00
2405,2,2019-2-7,15:00,16:00
2406,1,2019-2-7,12:00,13:00
2407,7,2019-2-7,15:00,16:00
2408,5,2019-2-7,13:00,14:00
2409,4,2019-2-7,16:00,17:00
2410,7,2019-2-7,10:00,11:00
2411,8,2019-2-7,18:00,19:00
2412,6,2019-2-7,16:00,17:00
2413,5,2019-2-7,11:00,12:00
2414,4,2019-2-7,10:00,11:00
2415,3,2019-2-7,16:00,17:00
2416,9,2019-2-7,13:00,14:00
2417,7,2019-2-7,19:00,20:00
2418,1,2019-2-7,10:00,11:00
2419,6,2019-2-7,10:00,11:00
2420,4,2019-2-7,13:00,14:00
2421,9,2019-2-7,10:00,11:00
2422,2,2019-2-7,17:00,18:00
2423,7,2019-2-7,10:00,11:00
2424,9,2019-2-7,11:00,12:00
2425,4,2019-2-7,8:00,9:00
2426,1,2019-2-7,12:00,13:00
2427,3,2019-2-7,10:00,11:00
2428,3,2019-2-7,17:00,18:00
2429,4,2019-2-7,10:00,11:00
2430,5,2019-2-7,8:00,9:00
2431,4,2019-2-7,14:00,15:00
2432,1,2019-2-7,14:00,15:00
2433,6,2019-2-7,15:00,16:00
2434,2,2019-2-7,10:00,11:00
2435,5,2019-2-7,14:00,15:00
2436,4,2019-2-7,13:00,14:00
2437,4,2019-2-7,14:00,15:00
2438,2,2019-2-7,14:00,15:00
2439,3,2019-2-7,13:00,14:00
2440,1,2019-2-7,11:00,12:00
2441,8,2019-2-7,19:00,20:00
2442,3,2019-2-7,17:00,18:00
2443,5,2019-2-7,11:00,12:00
2444,3,2019-2-7,11:00,12:00
2445,3,2019-2-7,13:00,14:00
2446,3,2019-2-7,13:00,14:00
2447,9,2019-2-7,10:00,11:00
2448,6,2019-2-7,16:00,17:00
2449,1,2019-2-7,10:00,11:00
2450,3,2019-2-7,10:00,11:00
2451,9,2019-2-7,10:00,11:00
2452,9,2019-2-7,17:00,18:00
2453,9,2019-2-7,19:00,20:00
2454,3,2019-2-7,17:00,18:00
2455,4,2019-2-7,9:00,10:00
2456,2,2019-2-7,14:00,15:00
2457,9,2019-2-7,16:00,17:00
2458,7,2019-2-7,11:00,12:00
2459,7,2019-2-7,11:00,12:00
2460,3,2019-2-7,15:00,16:00
2461,7,2019-2-7,11:00,12:00
2462,8,2019-2-7,17:00,18:00
2463,3,2019-2-7,15:00,16:00
2464,1,2019-2-7,11:00,12:00
2465,4,2019-2-7,16:00,17:00
2466,3,2019-2-7,11:00,12:00
2467,1,2019-2-7,14:00,15:00
2468,5,2019-2-7,17:00,18:00
2469,9,2019-2-7,14:00,15:00
2470,1,2019-2-7,11:00,12:00
2471,7,2019-2-7,14:00,15:00
2472,4,2019-2-7,10:00,11:00
2473,8,2019-2-7,8:00,9:00
2474,5,2019-2-7,17:00,18:00
2475,4,2019-2-7,17:00,18:00
2476,2,2019-2-7,10:00,11:00
2477,4,2019-2-7,16:00,17:00
2478,6,2019-2-7,16:00,17:00
2479,4,2019-2-7,14:00,15:00
2480,3,2019-2-7,14:00,15:00
2481,1,2019-2-7,9:00,10:00
2482,9,2019-2-7,17:00,18:00
2483,9,2019-2-7,11:00,12:00
2484,7,2019-2-7,14:00,15:00
2485,8,2019-2-7,10:00,11:00
2486,5,2019-2-7,19:00,20:00
2487,4,2019-2-7,16:00,17:00
2488,7,2019-2-7,16:00,17:00
2489,1,2019-2-7,8:00,9:00
2490,7,2019-2-7,13:00,14:00
2491,4,2019-2-7,17:00,18:00
2492,5,2019-2-7,14:00,15:00
2493,2,2019-2-7,10:00,11:00
2494,4,2019-2-7,10:00,11:00
2495,4,2019-2-7,16:00,17:00
2496,8,2019-2-7,9:00,10:00
2497,8,2019-2-7,10:00,11:00
2498,3,2019-2-7,15:00,16:00
2499,6,2019-2-7,19:00,20:00
2500,5,2019-2-7,17:00,18:00
2501,3,2019-2-7,15:00,16:00
2502,9,2019-2-7,17:00,18:00
2503,1,2019-2-7,11:00,12:00
2504,4,2019-2-7,10:00,11:00
2505,4,2019-2-7,15:00,16:00
2506,8,2019-2-7,17:00,18:00
2507,4,2019-2-7,13:00,14:00
2508,9,2019-2-7,16:00,17:00
2509,9,2019-2-7,14:00,15:00
2510,6,2019-2-7,13:00,14:00
2511,8,2019-2-7,15:00,16:00
2512,6,2019-2-7,10:00,11:00
2513,9,2019-2-7,13:00,14:00
2514,3,2019-2-7,13:00,14:00
2515,7,2019-2-7,17:00,18:00
2516,1,2019-2-7,15:00,16:00
2517,1,2019-2-7,18:00,19:00
2518,4,2019-2-7,14:00,15:00
2519,7,2019-2-7,11:00,12:00
2520,9,2019-2-7,8:00,9:00
2521,2,2019-2-7,17:00,18:00
2522,3,2019-2-7,13:00,14:00
2523,5,2019-2-7,15:00,16:00
2524,3,2019-2-7,15:00,16:00
2525,4,2019-2-7,11:00,12:00
2526,3,2019-2-7,14:00,15:00
2527,8,2019-2-7,14:00,15:00
2528,2,2019-2-7,8:00,9:00
2529,3,2019-2-7,10:00,11:00
2530,2,2019-2-7,16:00,17:00
2531,6,2019-2-7,15:00,16:00
2532,9,2019-2-7,12:00,13:00
2533,8,2019-2-7,15:00,16:00
2534,8,2019-2-7,14:00,15:00
2535,9,2019-2-7,15:00,16:00
2536,6,2019-2-7,11:00,12:00
2537,5,2019-2-7,10:00,11:00
2538,2,2019-2-7,16:00,17:00
2539,5,2019-2-7,16:00,17:00
2540,2,2019-2-7,13:00,14:00
2541,6,2019-2-7,13:00,14:00
2542,5,2019-2-7,11:00,12:00
2543,7,2019-2-7,15:00,16:00
2544,3,2019-2-7,11:00,12:00
2545,3,2019-2-7,17:00,18:00
2546,9,2019-2-7,14:00,15:00
2547,5,2019-2-7,19:00,20:00
2548,6,2019-2-7,11:00,12:00
2549,6,2019-2-7,15:00,16:00
2550,6,2019-2-7,16:00,17:00
2551,8,2019-2-7,15:00,16:00
2552,2,2019-2-7,14:00,15:00
2553,1,2019-2-7,11:00,12:00
2554,3,2019-2-7,10:00,11:00
2555,9,2019-2-7,16:00,17:00
2556,2,2019-2-7,12:00,13:00
2557,7,2019-2-7,9:00,10:00
2558,9,2019-2-7,11:00,12:00
2559,5,2019-2-7,14:00,15:00
2560,5,2019-2-7,11:00,12:00
2561,3,2019-2-7,17:00,18:00
2562,4,2019-2-7,15:00,16:00
2563,1,2019-2-7,11:00,12:00
2564,6,2019-2-7,10:00,11:00
2565,1,2019-2-7,12:00,13:00
2566,1,2019-2-7,11:00,12:00
2567,8,2019-2-7,10:00,11:00
2568,3,2019-2-7,11:00,12:00
2569,1,2019-2-7,14:00,15:00
2570,5,2019-2-7,11:00,12:00
2571,4,2019-2-7,10:00,11:00
2572,9,2019-2-7,14:00,15:00
2573,7,2019-2-7,17:00,18:00
2574,1,2019-2-7,11:00,12:00
2575,7,2019-2-7,11:00,12:00
2576,5,2019-2-7,11:00,12:00
2577,6,2019-2-7,11:00,12:00
2578,5,2019-2-7,13:00,14:00
2579,9,2019-2-7,10:00,11:00
2580,5,2019-2-7,9:00,10:00
2581,7,2019-2-7,18:00,19:00
2582,7,2019-2-7,14:00,15:00
2583,4,2019-2-7,11:00,12:00
2584,9,2019-2-7,16:00,17:00
2585,2,2019-2-7,12:00,13:00
2586,2,2019-2-7,11:00,12:00
2587,7,2019-2-7,17:00,18:00
2588,7,2019-2-7,14:00,15:00
2589,9,2019-2-7,10:00,11:00
2590,7,2019-2-7,14:00,15:00
2591,5,2019-2-7,17:00,18:00
2592,1,2019-2-7,15:00,16:00
2593,3,2019-2-7,11:00,12:00
2594,4,2019-2-7,14:00,15:00
2595,8,2019-2-7,17:00,18:00
2596,6,2019-2-7,15:00,16:00
2597,6,2019-2-7,18:00,19:00
2598,5,2019-2-7,10:00,11:00
2599,2,2019-2-7,13:00,14:00
2600,4,2019-2-7,16:00,17:00
2601,8,2019-2-7,11:00,12:00
2602,8,2019-2-7,17:00,18:00
2603,1,2019-2-7,16:00,17:00
2604,6,2019-2-7,19:00,20:00
2605,1,2019-2-7,12:00,13:00
2606,3,2019-2-7,10:00,11:00
2607,2,2019-2-7,19:00,20:00
2608,9,2019-2-7,17:00,18:00
2609,3,2019-2-7,17:00,18:00
2610,9,2019-2-7,15:00,16:00
2611,2,2019-2-7,17:00,18:00
2612,7,2019-2-7,14:00,15:00
2613,9,2019-2-7,10:00,11:00
2614,2,2019-2-7,13:00,14:00
2615,8,2019-2-7,16:00,17:00
2616,6,2019-2-7,15:00,16:00
2617,4,2019-2-7,8:00,9:00
2618,4,2019-2-7,13:00,14:00
2619,5,2019-2-7,18:00,19:00
2620,3,2019-2-7,10:00,11:00
2621,6,2019-2-7,10:00,11:00
2622,8,2019-2-7,15:00,16:00
2623,6,2019-2-7,17:00,18:00
2624,5,2019-2-7,9:00,10:00
2625,8,2019-2-7,10:00,11:00
2626,7,2019-2-7,16:00,17:00
2627,6,2019-2-7,15:00,16:00
2628,2,2019-2-7,12:00,13:00
2629,9,2019-2-7,13:00,14:00
2630,7,2019-2-7,10:00,11:00
2631,2,2019-2-7,13:00,14:00
2632,6,2019-2-7,14:00,15:00
2633,2,2019-2-7,15:00,16:00
2634,7,2019-2-7,14:00,15:00
2635,4,2019-2-7,16:00,17:00
2636,7,2019-2-7,17:00,18:00
2637,7,2019-2-7,14:00,15:00
2638,3,2019-2-7,15:00,16:00
2639,6,2019-2-7,17:00,18:00
2640,6,2019-2-7,15:00,16:00
2641,2,2019-2-7,18:00,19:00
2642,5,2019-2-7,13:00,14:00
2643,3,2019-2-7,16:00,17:00
2644,6,2019-2-7,17:00,18:00
2645,3,2019-2-7,8:00,9:00
2646,7,2019-2-7,19:00,20:00
2647,5,2019-2-7,15:00,16:00
2648,3,2019-2-7,16:00,17:00
2649,7,2019-2-7,9:00,10:00
2650,6,2019-2-7,8:00,9:00
2651,7,2019-2-7,13:00,14:00
2652,4,2019-2-7,15:00,16:00
2653,3,2019-2-7,19:00,20:00
2654,9,2019-2-7,15:00,16:00
2655,1,2019-2-7,15:00,16:00
2656,7,2019-2-7,15:00,16:00
2657,5,2019-2-7,9:00,10:00
2658,5,2019-2-7,15:00,16:00
2659,4,2019-2-7,13:00,14:00
2660,4,2019-2-7,11:00,12:00
2661,4,2019-2-7,15:00,16:00
2662,4,2019-2-7,15:00,16:00
2663,6,2019-2-7,8:00,9:00
2664,5,2019-2-7,10:00,11:00
2665,6,2019-2-7,19:00,20:00
2666,6,2019-2-7,16:00,17:00
2667,8,2019-2-7,16:00,17:00
2668,4,2019-2-7,11:00,12:00
2669,3,2019-2-7,15:00,16:00
2670,5,2019-2-7,15:00,16:00
2671,3,2019-2-7,15:00,16:00
2672,8,2019-2-7,17:00,18:00
2673,1,2019-2-7,18:00,19:00
2674,7,2019-2-7,15:00,16:00
2675,1,2019-2-7,13:00,14:00
2676,8,2019-2-7,8:00,9:00
2677,6,2019-2-7,11:00,12:00
2678,4,2019-2-7,16:00,17:00
2679,7,2019-2-7,14:00,15:00
2680,8,2019-2-7,10:00,11:00
2681,7,2019-2-7,10:00,11:00
2682,4,2019-2-7,10:00,11:00
2683,9,2019-2-7,11:00,12:00
2684,2,2019-2-7,17:00,18:00
2685,9,2019-2-7,14:00,15:00
2686,5,2019-2-7,17:00,18:00
2687,2,2019-2-7,17:00,18:00
2688,2,2019-2-7,16:00,17:00
2689,3,2019-2-7,8:00,9:00
2690,1,2019-2-7,14:00,15:00
2691,6,2019-2-7,10:00,11:00
2692,5,2019-2-7,12:00,13:00
2693,9,2019-2-7,13:00,14:00
2694,9,2019-2-7,17:00,18:00
2695,6,2019-2-7,11:00,12:00
2696,8,2019-2-7,10:00,11:00
2697,2,2019-2-7,13:00,14:00
2698,2,2019-2-7,13:00,14:00
2699,1,2019-2-7,10:00,11:00
2700,1,2019-2-7,10:00,11:00
2701,1,2019-2-7,17:00,18:00
2702,1,2019-2-7,18:00,19:00
2703,3,2019-2-7,16:00,17:00
2704,9,2019-2-7,17:00,18:00
2705,7,2019-2-7,17:00,18:00
2706,8,2019-2-7,12:00,13:00
2707,8,2019-2-7,16:00,17:00
2708,5,2019-2-7,16:00,17:00
2709,9,2019-2-7,10:00,11:00
2710,5,2019-2-7,10:00,11:00
2711,8,2019-2-7,15:00,16:00
2712,7,2019-2-7,8:00,9:00
2713,4,2019-2-7,19:00,20:00
2714,2,2019-2-7,15:00,16:00
2715,3,2019-2-7,16:00,17:00
2716,5,2019-2-7,19:00,20:00
2717,4,2019-2-7,8:00,9:00
2718,7,2019-2-7,17:00,18:00
2719,6,2019-2-7,17:00,18:00
2720,8,2019-2-7,11:00,12:00
2721,4,2019-2-7,16:00,17:00
2722,3,2019-2-7,11:00,12:00
2723,8,2019-2-7,14:00,15:00
2724,9,2019-2-7,12:00,13:00
2725,4,2019-2-7,16:00,17:00
2726,7,2019-2-7,10:00,11:00
2727,3,2019-2-7,8:00,9:00
2728,5,2019-2-7,10:00,11:00
2729,6,2019-2-7,17:00,18:00
2730,9,2019-2-7,11:00,12:00
2731,6,2019-2-7,14:00,15:00
2732,2,2019-2-7,10:00,11:00
2733,8,2019-2-7,15:00,16:00
2734,7,2019-2-7,16:00,17:00
2735,3,2019-2-7,13:00,14:00
2736,1,2019-2-7,12:00,13:00
2737,5,2019-2-7,12:00,13:00
2738,9,2019-2-7,14:00,15:00
2739,2,2019-2-7,17:00,18:00
2740,3,2019-2-7,19:00,20:00
2741,9,2019-2-7,14:00,15:00
2742,7,2019-2-7,18:00,19:00
2743,2,2019-2-7,14:00,15:00
2744,7,2019-2-7,11:00,12:00
2745,5,2019-2-7,16:00,17:00
2746,2,2019-2-7,13:00,14:00
2747,3,2019-2-7,15:00,16:00
2748,7,2019-2-7,13:00,14:00
2749,5,2019-2-7,10:00,11:00
2750,1,2019-2-7,9:00,10:00
2751,8,2019-2-7,10:00,11:00
2752,2,2019-2-7,13:00,14:00
2753,4,2019-2-7,10:00,11:00
2754,8,2019-2-7,13:00,14:00
2755,4,2019-2-7,17:00,18:00
2756,3,2019-2-7,11:00,12:00
2757,4,2019-2-7,17:00,18:00
2758,6,2019-2-7,13:00,14:00
2759,7,2019-2-7,15:00,16:00
2760,8,2019-2-7,16:00,17:00
2761,5,2019-2-7,14:00,15:00
2762,5,2019-2-7,10:00,11:00
2763,8,2019-2-7,17:00,18:00
2764,7,2019-2-7,11:00,12:00
2765,1,2019-2-7,19:00,20:00
2766,4,2019-2-7,15:00,16:00
2767,4,2019-2-7,14:00,15:00
2768,9,2019-2-7,10:00,11:00
2769,9,2019-2-7,10:00,11:00
2770,1,2019-2-7,14:00,15:00
2771,8,2019-2-7,17:00,18:00
2772,1,2019-2-7,15:00,16:00
2773,6,2019-2-7,15:00,16:00
2774,9,2019-2-7,14:00,15:00
2775,7,2019-2-7,10:00,11:00
2776,7,2019-2-7,14:00,15:00
2777,3,2019-2-7,16:00,17:00
2778,7,2019-2-7,14:00,15:00
2779,2,2019-2-7,12:00,13:00
2780,1,2019-2-7,16:00,17:00
2781,3,2019-2-7,11:00,12:00
2782,5,2019-2-7,14:00,15:00
2783,8,2019-2-7,17:00,18:00
2784,1,2019-2-7,10:00,11:00
2785,3,2019-2-7,14:00,15:00
2786,5,2019-2-7,14:00,15:00
2787,6,2019-2-7,18:00,19:00
2788,8,2019-2-7,10:00,11:00
2789,9,2019-2-7,13:00,14:00
2790,9,2019-2-7,16:00,17:00
2791,9,2019-2-7,17:00,18:00
2792,9,2019-2-7,13:00,14:00
2793,1,2019-2-7,12:00,13:00
2794,4,2019-2-7,17:00,18:00
2795,2,2019-2-7,17:00,18:00
2796,4,2019-2-7,17:00,18:00
2797,1,2019-2-7,16:00,17:00
2798,8,2019-2-7,19:00,20:00
2799,3,2019-2-7,13:00,14:00
2800,1,2019-2-7,13:00,14:00
2801,7,2019-2-7,14:00,15:00
2802,8,2019-2-7,11:00,12:00
2803,7,2019-2-7,12:00,13:00
2804,6,2019-2-7,10:00,11:00
2805,7,2019-2-7,16:00,17:00
2806,3,2019-2-7,17:00,18:00
2807,8,2019-2-7,15:00,16:00
2808,9,2019-2-7,9:00,10:00
2809,2,2019-2-7,15:00,16:00
2810,8,2019-2-7,13:00,14:00
2811,6,2019-2-7,12:00,13:00
2812,7,2019-2-7,13:00,14:00
2813,6,2019-2-7,16:00,17:00
2814,6,2019-2-7,16:00,17:00
2815,4,2019-2-7,13:00,14:00
2816,6,2019-2-7,10:00,11:00
2817,7,2019-2-7,13:00,14:00
2818,7,2019-2-7,10:00,11:00
2819,6,2019-2-7,13:00,14:00
2820,7,2019-2-7,15:00,16:00
2821,1,2019-2-7,14:00,15:00
2822,8,2019-2-7,13:00,14:00
2823,1,2019-2-7,10:00,11:00
2824,3,2019-2-7,13:00,14:00
2825,6,2019-2-7,19:00,20:00
2826,3,2019-2-7,10:00,11:00
2827,9,2019-2-7,14:00,15:00
2828,6,2019-2-7,15:00,16:00
2829,7,2019-2-7,15:00,16:00
2830,1,2019-2-7,12:00,13:00
2831,9,2019-2-7,17:00,18:00
2832,9,2019-2-7,8:00,9:00
2833,8,2019-2-7,10:00,11:00
2834,5,2019-2-7,13:00,14:00
2835,6,2019-2-7,14:00,15:00
2836,1,2019-2-7,13:00,14:00
2837,5,2019-2-7,16:00,17:00
2838,3,2019-2-7,13:00,14:00
2839,6,2019-2-7,12:00,13:00
2840,2,2019-2-7,16:00,17:00
2841,8,2019-2-7,17:00,18:00
2842,4,2019-2-7,17:00,18:00
2843,7,2019-2-7,16:00,17:00
2844,5,2019-2-7,10:00,11:00
2845,7,2019-2-7,18:00,19:00
2846,5,2019-2-7,10:00,11:00
2847,2,2019-2-7,16:00,17:00
2848,6,2019-2-7,16:00,17:00
2849,1,2019-2-7,14:00,15:00
2850,3,2019-2-7,13:00,14:00
2851,5,2019-2-7,15:00,16:00
2852,9,2019-2-7,13:00,14:00
2853,3,2019-2-7,17:00,18:00
2854,9,2019-2-7,15:00,16:00
2855,2,2019-2-7,17:00,18:00
2856,4,2019-2-7,10:00,11:00
2857,4,2019-2-7,14:00,15:00
2858,4,2019-2-7,13:00,14:00
2859,8,2019-2-7,8:00,9:00
2860,1,2019-2-7,10:00,11:00
2861,6,2019-2-7,15:00,16:00
2862,2,2019-2-7,11:00,12:00
2863,9,2019-2-7,14:00,15:00
2864,3,2019-2-7,15:00,16:00
2865,7,2019-2-7,17:00,18:00
2866,9,2019-2-7,17:00,18:00
2867,6,2019-2-7,14:00,15:00
2868,2,2019-2-7,11:00,12:00
2869,1,2019-2-7,10:00,11:00
2870,9,2019-2-7,13:00,14:00
2871,2,2019-2-7,11:00,12:00
2872,9,2019-2-7,19:00,20:00
2873,4,2019-2-7,13:00,14:00
2874,9,2019-2-7,8:00,9:00
2875,9,2019-2-7,9:00,10:00
2876,1,2019-2-7,12:00,13:00
2877,6,2019-2-7,13:00,14:00
2878,8,2019-2-7,10:00,11:00
2879,4,2019-2-7,15:00,16:00
2880,8,2019-2-7,17:00,18:00
2881,1,2019-2-7,17:00,18:00
2882,2,2019-2-7,14:00,15:00
2883,5,2019-2-7,13:00,14:00
2884,8,2019-2-7,10:00,11:00
2885,6,2019-2-7,11:00,12:00
2886,1,2019-2-7,15:00,16:00
2887,3,2019-2-7,13:00,14:00
2888,4,2019-2-7,11:00,12:00
2889,9,2019-2-7,8:00,9:00
2890,8,2019-2-7,18:00,19:00
2891,3,2019-2-7,14:00,15:00
2892,1,2019-2-7,11:00,12:00
2893,2,2019-2-7,16:00,17:00
2894,7,2019-2-7,11:00,12:00
2895,7,2019-2-7,11:00,12:00
2896,9,2019-2-7,17:00,18:00
2897,1,2019-2-7,10:00,11:00
2898,2,2019-2-7,11:00,12:00
2899,3,2019-2-7,15:00,16:00
2900,7,2019-2-7,11:00,12:00
2901,2,2019-2-7,17:00,18:00
2902,7,2019-2-7,15:00,16:00
2903,2,2019-2-7,15:00,16:00
2904,5,2019-2-7,18:00,19:00
2905,4,2019-2-7,15:00,16:00
2906,4,2019-2-7,10:00,11:00
2907,2,2019-2-7,14:00,15:00
2908,5,2019-2-7,14:00,15:00
2909,2,2019-2-7,17:00,18:00
2910,4,2019-2-7,13:00,14:00
2911,8,2019-2-7,14:00,15:00
2912,5,2019-2-7,10:00,11:00
2913,4,2019-2-7,16:00,17:00
2914,3,2019-2-7,13:00,14:00
2915,4,2019-2-7,14:00,15:00
2916,7,2019-2-7,10:00,11:00
2917,1,2019-2-7,16:00,17:00
2918,5,2019-2-7,10:00,11:00
2919,7,2019-2-7,13:00,14:00
2920,3,2019-2-7,17:00,18:00
2921,6,2019-2-7,13:00,14:00
2922,6,2019-2-7,9:00,10:00
2923,4,2019-2-7,16:00,17:00
2924,2,2019-2-7,10:00,11:00
2925,1,2019-2-7,8:00,9:00
2926,8,2019-2-7,17:00,18:00
2927,7,2019-2-7,15:00,16:00
2928,3,2019-2-7,8:00,9:00
2929,2,2019-2-7,8:00,9:00
2930,5,2019-2-7,12:00,13:00
2931,4,2019-2-7,8:00,9:00
2932,6,2019-2-7,18:00,19:00
2933,9,2019-2-7,10:00,11:00
2934,2,2019-2-7,14:00,15:00
2935,8,2019-2-7,10:00,11:00
2936,1,2019-2-7,13:00,14:00
2937,5,2019-2-7,9:00,10:00
2938,8,2019-2-7,10:00,11:00
2939,2,2019-2-7,10:00,11:00
2940,1,2019-2-7,13:00,14:00
2941,5,2019-2-7,15:00,16:00
2942,2,2019-2-7,16:00,17:00
2943,7,2019-2-7,19:00,20:00
2944,1,2019-2-7,13:00,14:00
2945,9,2019-2-7,17:00,18:00
2946,9,2019-2-7,8:00,9:00
2947,6,2019-2-7,16:00,17:00
2948,9,2019-2-7,14:00,15:00
2949,3,2019-2-7,14:00,15:00
2950,8,2019-2-7,11:00,12:00
2951,2,2019-2-7,14:00,15:00
2952,8,2019-2-7,14:00,15:00
2953,8,2019-2-7,19:00,20:00
2954,1,2019-2-7,11:00,12:00
2955,6,2019-2-7,13:00,14:00
2956,3,2019-2-7,12:00,13:00
2957,4,2019-2-7,12:00,13:00
2958,3,2019-2-7,11:00,12:00
2959,7,2019-2-7,9:00,10:00
2960,1,2019-2-7,19:00,20:00
2961,7,2019-2-7,11:00,12:00
2962,6,2019-2-7,10:00,11:00
2963,2,2019-2-7,18:00,19:00
2964,9,2019-2-7,11:00,12:00
2965,3,2019-2-7,18:00,19:00
2966,9,2019-2-7,12:00,13:00
2967,9,2019-2-7,10:00,11:00
2968,7,2019-2-7,15:00,16:00
2969,6,2019-2-7,14:00,15:00
2970,4,2019-2-7,19:00,20:00
2971,5,2019-2-7,14:00,15:00
2972,8,2019-2-7,15:00,16:00
2973,7,2019-2-7,17:00,18:00
2974,3,2019-2-7,15:00,16:00
2975,3,2019-2-7,11:00,12:00
2976,2,2019-2-7,10:00,11:00
2977,6,2019-2-7,10:00,11:00
2978,3,2019-2-7,14:00,15:00
2979,8,2019-2-7,19:00,20:00
2980,5,2019-2-7,15:00,16:00
2981,7,2019-2-7,14:00,15:00
2982,8,2019-2-7,16:00,17:00
2983,3,2019-2-7,16:00,17:00
2984,5,2019-2-7,15:00,16:00
2985,6,2019-2-7,16:00,17:00
2986,3,2019-2-7,16:00,17:00
2987,8,2019-2-7,14:00,15:00
2988,9,2019-2-7,13:00,14:00
2989,9,2019-2-7,14:00,15:00
2990,1,2019-2-7,11:00,12:00
2991,5,2019-2-7,15:00,16:00
2992,4,2019-2-7,13:00,14:00
2993,7,2019-2-7,16:00,17:00
2994,2,2019-2-7,16:00,17:00
2995,8,2019-2-7,15:00,16:00
2996,4,2019-2-7,9:00,10:00
2997,6,2019-2-7,13:00,14:00
2998,5,2019-2-7,14:00,15:00
2999,2,2019-2-7,16:00,17:00
